invoice_id,approval_status,status_time,processor_id
INV-0001,請求書受領,2024-12-03 03:47:00,SYSTEM
INV-0001,検証割当,2024-12-03 06:23:30,EMP-015
INV-0001,検証完了,2024-12-03 19:21:18,EMP-015
INV-0001,承認,2024-12-04 03:46:03,EMP-016
INV-0001,支払予定登録,2024-12-04 08:49:03,EMP-015
INV-0001,支払実行,2025-01-03 08:49:03,SYSTEM
INV-0002,請求書受領,2024-10-08 19:44:00,SYSTEM
INV-0002,検証割当,2024-10-09 01:31:31,EMP-015
INV-0002,検証完了,2024-10-09 04:15:14,EMP-015
INV-0002,承認,2024-10-10 12:13:57,EMP-016
INV-0002,支払予定登録,2024-10-10 19:03:31,EMP-015
INV-0002,支払実行,2024-10-19 19:03:31,SYSTEM
INV-0003,請求書受領,2024-11-03 13:05:00,SYSTEM
INV-0003,検証割当,2024-11-03 14:31:54,EMP-015
INV-0003,エラー検出,2024-11-03 19:38:12,EMP-015
INV-0003,ベンダー問合せ,2024-11-04 00:23:30,EMP-015
INV-0003,修正受領,2024-11-08 00:23:30,SYSTEM
INV-0003,検証完了,2024-11-08 00:23:30,EMP-015
INV-0003,承認,2024-11-09 21:20:30,EMP-016
INV-0003,支払予定登録,2024-11-10 01:44:44,EMP-015
INV-0003,支払実行,2024-12-05 01:44:44,SYSTEM
INV-0004,請求書受領,2024-05-26 22:38:00,SYSTEM
INV-0004,検証割当,2024-05-27 00:02:08,EMP-015
INV-0004,検証完了,2024-05-27 12:51:57,EMP-015
INV-0004,承認,2024-05-28 14:37:05,EMP-016
INV-0004,支払予定登録,2024-05-28 16:40:57,EMP-015
INV-0004,支払実行,2024-06-23 16:40:57,SYSTEM
INV-0005,請求書受領,2024-09-22 09:12:00,SYSTEM
INV-0005,検証割当,2024-09-22 10:26:06,EMP-015
INV-0005,検証完了,2024-09-22 20:49:42,EMP-015
INV-0005,承認,2024-09-23 11:01:19,EMP-016
INV-0005,支払予定登録,2024-09-23 14:02:20,EMP-015
INV-0005,支払実行,2024-09-29 14:02:20,SYSTEM
INV-0006,請求書受領,2024-05-02 20:00:00,SYSTEM
INV-0006,検証割当,2024-05-03 03:49:46,EMP-015
INV-0006,検証完了,2024-05-03 07:02:43,EMP-015
INV-0006,承認,2024-05-04 04:37:13,EMP-016
INV-0006,支払予定登録,2024-05-04 10:38:18,EMP-015
INV-0006,支払実行,2024-05-21 10:38:18,SYSTEM
INV-0007,請求書受領,2024-04-12 16:00:00,SYSTEM
INV-0007,検証割当,2024-04-12 22:09:30,EMP-015
INV-0007,エラー検出,2024-04-13 01:07:08,EMP-015
INV-0007,ベンダー問合せ,2024-04-13 10:48:32,EMP-015
INV-0007,修正受領,2024-04-18 10:48:32,SYSTEM
INV-0007,検証完了,2024-04-18 10:48:32,EMP-015
INV-0007,承認,2024-04-20 07:04:09,EMP-016
INV-0007,支払予定登録,2024-04-20 11:09:28,EMP-015
INV-0007,支払実行,2024-05-03 11:09:28,SYSTEM
INV-0008,請求書受領,2024-11-06 06:29:00,SYSTEM
INV-0008,検証割当,2024-11-06 13:59:28,EMP-015
INV-0008,検証完了,2024-11-07 00:02:24,EMP-015
INV-0008,承認,2024-11-07 21:57:14,EMP-016
INV-0008,支払予定登録,2024-11-08 00:35:33,EMP-015
INV-0008,支払実行,2024-11-15 00:35:33,SYSTEM
INV-0009,請求書受領,2024-05-30 10:07:00,SYSTEM
INV-0009,検証割当,2024-05-30 16:44:14,EMP-015
INV-0009,検証完了,2024-05-31 08:07:52,EMP-015
INV-0009,承認,2024-06-01 23:54:34,EMP-016
INV-0009,支払予定登録,2024-06-02 05:21:32,EMP-015
INV-0009,支払実行,2024-06-29 05:21:32,SYSTEM
INV-0010,請求書受領,2024-07-12 18:30:00,SYSTEM
INV-0010,検証割当,2024-07-13 00:53:23,EMP-015
INV-0010,検証完了,2024-07-13 13:29:39,EMP-015
INV-0010,承認,2024-07-14 13:41:01,EMP-016
INV-0010,支払予定登録,2024-07-14 18:26:52,EMP-015
INV-0010,支払実行,2024-08-06 18:26:52,SYSTEM
INV-0011,請求書受領,2024-01-15 15:07:00,SYSTEM
INV-0011,検証割当,2024-01-15 17:55:17,EMP-015
INV-0011,検証完了,2024-01-16 01:16:43,EMP-015
INV-0011,承認,2024-01-16 14:58:32,EMP-016
INV-0011,支払予定登録,2024-01-16 21:10:57,EMP-015
INV-0011,支払実行,2024-02-15 21:10:57,SYSTEM
INV-0012,請求書受領,2024-07-30 11:33:00,SYSTEM
INV-0012,検証割当,2024-07-30 16:17:58,EMP-015
INV-0012,検証完了,2024-07-31 04:06:39,EMP-015
INV-0012,承認,2024-07-31 20:45:06,EMP-016
INV-0012,支払予定登録,2024-08-01 01:08:43,EMP-015
INV-0012,支払実行,2024-08-29 01:08:43,SYSTEM
INV-0013,請求書受領,2024-06-24 02:35:00,SYSTEM
INV-0013,検証割当,2024-06-24 10:06:11,EMP-015
INV-0013,検証完了,2024-06-24 18:46:29,EMP-015
INV-0013,承認,2024-06-26 14:07:29,EMP-016
INV-0013,支払予定登録,2024-06-26 17:44:21,EMP-015
INV-0013,支払実行,2024-07-24 17:44:21,SYSTEM
INV-0014,請求書受領,2024-04-07 15:47:00,SYSTEM
INV-0014,検証割当,2024-04-07 18:10:51,EMP-015
INV-0014,検証完了,2024-04-08 06:28:37,EMP-015
INV-0014,承認,2024-04-08 19:34:30,EMP-016
INV-0014,支払予定登録,2024-04-08 22:47:30,EMP-015
INV-0014,支払実行,2024-04-20 22:47:30,SYSTEM
INV-0015,請求書受領,2024-11-12 11:09:00,SYSTEM
INV-0015,検証割当,2024-11-12 17:36:09,EMP-015
INV-0015,エラー検出,2024-11-12 21:16:51,EMP-015
INV-0015,ベンダー問合せ,2024-11-13 20:23:47,EMP-015
INV-0015,修正受領,2024-11-17 20:23:47,SYSTEM
INV-0015,検証完了,2024-11-17 20:23:47,EMP-015
INV-0015,承認,2024-11-19 03:24:17,EMP-016
INV-0015,支払予定登録,2024-11-19 09:59:25,EMP-015
INV-0015,支払実行,2024-12-11 09:59:25,SYSTEM
INV-0016,請求書受領,2024-09-03 11:39:00,SYSTEM
INV-0016,検証割当,2024-09-03 14:51:28,EMP-015
INV-0016,検証完了,2024-09-04 05:25:53,EMP-015
INV-0016,承認,2024-09-05 10:42:37,EMP-016
INV-0016,支払予定登録,2024-09-05 14:21:31,EMP-015
INV-0016,支払実行,2024-09-15 14:21:31,SYSTEM
INV-0017,請求書受領,2024-09-18 08:25:00,SYSTEM
INV-0017,検証割当,2024-09-18 10:58:16,EMP-015
INV-0017,エラー検出,2024-09-18 21:02:40,EMP-015
INV-0017,ベンダー問合せ,2024-09-19 17:01:48,EMP-015
INV-0017,修正受領,2024-09-23 17:01:48,SYSTEM
INV-0017,検証完了,2024-09-23 17:01:48,EMP-015
INV-0017,承認,2024-09-25 14:22:29,EMP-016
INV-0017,支払予定登録,2024-09-25 16:34:12,EMP-015
INV-0017,支払実行,2024-10-11 16:34:12,SYSTEM
INV-0018,請求書受領,2024-12-17 05:29:00,SYSTEM
INV-0018,検証割当,2024-12-17 13:19:07,EMP-015
INV-0018,検証完了,2024-12-18 01:05:39,EMP-015
INV-0018,承認,2024-12-19 11:25:10,EMP-016
INV-0018,支払予定登録,2024-12-19 13:29:25,EMP-015
INV-0018,支払実行,2024-12-30 13:29:25,SYSTEM
INV-0019,請求書受領,2024-10-24 03:20:00,SYSTEM
INV-0019,検証割当,2024-10-24 06:51:52,EMP-015
INV-0019,検証完了,2024-10-24 20:55:49,EMP-015
INV-0019,承認,2024-10-25 12:29:44,EMP-016
INV-0019,支払予定登録,2024-10-25 16:06:43,EMP-015
INV-0019,支払実行,2024-11-18 16:06:43,SYSTEM
INV-0020,請求書受領,2024-07-06 05:31:00,SYSTEM
INV-0020,検証割当,2024-07-06 09:29:03,EMP-015
INV-0020,検証完了,2024-07-06 17:21:05,EMP-015
INV-0020,承認,2024-07-07 13:24:53,EMP-016
INV-0020,支払予定登録,2024-07-07 17:49:06,EMP-015
INV-0020,支払実行,2024-07-26 17:49:06,SYSTEM
INV-0021,請求書受領,2024-10-19 04:36:00,SYSTEM
INV-0021,検証割当,2024-10-19 10:24:07,EMP-015
INV-0021,検証完了,2024-10-19 23:48:02,EMP-015
INV-0021,承認,2024-10-21 15:10:50,EMP-016
INV-0021,支払予定登録,2024-10-21 20:30:45,EMP-015
INV-0021,支払実行,2024-11-07 20:30:45,SYSTEM
INV-0022,請求書受領,2024-03-15 23:09:00,SYSTEM
INV-0022,検証割当,2024-03-16 03:27:39,EMP-015
INV-0022,検証完了,2024-03-16 05:35:50,EMP-015
INV-0022,承認,2024-03-16 15:30:50,EMP-016
INV-0022,支払予定登録,2024-03-16 22:52:25,EMP-015
INV-0022,支払実行,2024-04-10 22:52:25,SYSTEM
INV-0023,請求書受領,2024-09-30 23:20:00,SYSTEM
INV-0023,検証割当,2024-10-01 05:49:50,EMP-015
INV-0023,検証完了,2024-10-01 12:01:52,EMP-015
INV-0023,承認,2024-10-02 17:00:57,EMP-016
INV-0023,支払予定登録,2024-10-02 21:24:22,EMP-015
INV-0023,支払実行,2024-10-29 21:24:22,SYSTEM
INV-0024,請求書受領,2024-01-31 06:52:00,SYSTEM
INV-0024,検証割当,2024-01-31 09:38:48,EMP-015
INV-0024,エラー検出,2024-01-31 23:23:32,EMP-015
INV-0024,ベンダー問合せ,2024-02-01 18:17:02,EMP-015
INV-0024,修正受領,2024-02-04 18:17:02,SYSTEM
INV-0024,検証完了,2024-02-04 18:17:02,EMP-015
INV-0024,承認,2024-02-05 14:09:59,EMP-016
INV-0024,支払予定登録,2024-02-05 19:31:42,EMP-015
INV-0024,支払実行,2024-03-06 19:31:42,SYSTEM
INV-0025,請求書受領,2024-06-25 00:26:00,SYSTEM
INV-0025,検証割当,2024-06-25 02:16:55,EMP-015
INV-0025,検証完了,2024-06-25 16:25:30,EMP-015
INV-0025,承認,2024-06-26 05:10:45,EMP-016
INV-0025,支払予定登録,2024-06-26 10:38:04,EMP-015
INV-0025,支払実行,2024-07-21 10:38:04,SYSTEM
INV-0026,請求書受領,2024-03-30 09:22:00,SYSTEM
INV-0026,検証割当,2024-03-30 12:38:32,EMP-015
INV-0026,検証完了,2024-03-30 21:47:18,EMP-015
INV-0026,承認,2024-03-31 21:27:12,EMP-016
INV-0026,支払予定登録,2024-03-31 23:55:26,EMP-015
INV-0026,支払実行,2024-04-24 23:55:26,SYSTEM
INV-0027,請求書受領,2024-08-25 20:09:00,SYSTEM
INV-0027,検証割当,2024-08-26 03:13:40,EMP-015
INV-0027,検証完了,2024-08-26 14:11:45,EMP-015
INV-0027,承認,2024-08-27 12:45:21,EMP-016
INV-0027,支払予定登録,2024-08-27 18:25:46,EMP-015
INV-0027,支払実行,2024-09-13 18:25:46,SYSTEM
INV-0028,請求書受領,2024-02-06 02:10:00,SYSTEM
INV-0028,検証割当,2024-02-06 05:34:19,EMP-015
INV-0028,検証完了,2024-02-06 11:57:38,EMP-015
INV-0028,承認,2024-02-07 23:13:11,EMP-016
INV-0028,支払予定登録,2024-02-08 04:51:07,EMP-015
INV-0028,支払実行,2024-02-25 04:51:07,SYSTEM
INV-0029,請求書受領,2024-08-15 11:47:00,SYSTEM
INV-0029,検証割当,2024-08-15 16:53:30,EMP-015
INV-0029,検証完了,2024-08-16 08:24:32,EMP-015
INV-0029,承認,2024-08-16 20:30:00,EMP-016
INV-0029,支払予定登録,2024-08-16 22:38:19,EMP-015
INV-0029,支払実行,2024-09-13 22:38:19,SYSTEM
INV-0030,請求書受領,2024-12-04 08:47:00,SYSTEM
INV-0030,検証割当,2024-12-04 14:41:17,EMP-015
INV-0030,検証完了,2024-12-04 17:48:32,EMP-015
INV-0030,承認,2024-12-05 02:20:29,EMP-016
INV-0030,支払予定登録,2024-12-05 04:43:27,EMP-015
INV-0030,支払実行,2024-12-25 04:43:27,SYSTEM
INV-0031,請求書受領,2024-01-28 00:49:00,SYSTEM
INV-0031,検証割当,2024-01-28 04:35:44,EMP-015
INV-0031,エラー検出,2024-01-28 17:18:20,EMP-015
INV-0031,ベンダー問合せ,2024-01-29 02:33:17,EMP-015
INV-0031,修正受領,2024-01-31 02:33:17,SYSTEM
INV-0031,検証完了,2024-01-31 02:33:17,EMP-015
INV-0031,承認,2024-01-31 10:15:52,EMP-016
INV-0031,支払予定登録,2024-01-31 17:51:14,EMP-015
INV-0031,支払実行,2024-02-17 17:51:14,SYSTEM
INV-0032,請求書受領,2024-04-27 07:47:00,SYSTEM
INV-0032,検証割当,2024-04-27 10:46:21,EMP-015
INV-0032,エラー検出,2024-04-27 21:32:35,EMP-015
INV-0032,ベンダー問合せ,2024-04-28 18:18:49,EMP-015
INV-0032,修正受領,2024-04-29 18:18:49,SYSTEM
INV-0032,検証完了,2024-04-29 18:18:49,EMP-015
INV-0032,承認,2024-04-29 23:51:37,EMP-016
INV-0032,支払予定登録,2024-04-30 04:00:05,EMP-015
INV-0032,支払実行,2024-05-15 04:00:05,SYSTEM
INV-0033,請求書受領,2024-08-31 14:55:00,SYSTEM
INV-0033,検証割当,2024-08-31 19:42:02,EMP-015
INV-0033,検証完了,2024-09-01 01:30:52,EMP-015
INV-0033,承認,2024-09-03 00:10:27,EMP-016
INV-0033,支払予定登録,2024-09-03 06:21:36,EMP-015
INV-0033,支払実行,2024-09-13 06:21:36,SYSTEM
INV-0034,請求書受領,2024-11-01 14:40:00,SYSTEM
INV-0034,検証割当,2024-11-01 20:54:32,EMP-015
INV-0034,検証完了,2024-11-02 11:11:28,EMP-015
INV-0034,承認,2024-11-03 19:20:30,EMP-016
INV-0034,支払予定登録,2024-11-04 00:32:40,EMP-015
INV-0034,支払実行,2024-11-20 00:32:40,SYSTEM
INV-0035,請求書受領,2024-10-03 07:51:00,SYSTEM
INV-0035,検証割当,2024-10-03 09:28:36,EMP-015
INV-0035,検証完了,2024-10-03 15:47:13,EMP-015
INV-0035,承認,2024-10-04 02:38:18,EMP-016
INV-0035,支払予定登録,2024-10-04 04:42:06,EMP-015
INV-0035,支払実行,2024-10-25 04:42:06,SYSTEM
INV-0036,請求書受領,2024-03-10 11:18:00,SYSTEM
INV-0036,検証割当,2024-03-10 15:35:03,EMP-015
INV-0036,検証完了,2024-03-10 17:42:02,EMP-015
INV-0036,承認,2024-03-12 15:22:01,EMP-016
INV-0036,支払予定登録,2024-03-12 20:13:45,EMP-015
INV-0036,支払実行,2024-03-17 20:13:45,SYSTEM
INV-0037,請求書受領,2024-08-08 09:38:00,SYSTEM
INV-0037,検証割当,2024-08-08 12:15:06,EMP-015
INV-0037,検証完了,2024-08-08 14:21:10,EMP-015
INV-0037,承認,2024-08-09 12:28:09,EMP-016
INV-0037,支払予定登録,2024-08-09 17:49:57,EMP-015
INV-0037,支払実行,2024-08-26 17:49:57,SYSTEM
INV-0038,請求書受領,2024-03-24 22:47:00,SYSTEM
INV-0038,検証割当,2024-03-25 04:18:18,EMP-015
INV-0038,検証完了,2024-03-25 17:54:11,EMP-015
INV-0038,承認,2024-03-26 01:23:18,EMP-016
INV-0038,支払予定登録,2024-03-26 07:08:25,EMP-015
INV-0038,支払実行,2024-04-16 07:08:25,SYSTEM
INV-0039,請求書受領,2024-11-09 22:43:00,SYSTEM
INV-0039,検証割当,2024-11-10 01:37:11,EMP-015
INV-0039,検証完了,2024-11-10 12:41:53,EMP-015
INV-0039,承認,2024-11-11 04:31:34,EMP-016
INV-0039,支払予定登録,2024-11-11 07:39:15,EMP-015
INV-0039,支払実行,2024-11-18 07:39:15,SYSTEM
INV-0040,請求書受領,2024-03-10 09:07:00,SYSTEM
INV-0040,検証割当,2024-03-10 14:34:29,EMP-015
INV-0040,検証完了,2024-03-11 01:13:23,EMP-015
INV-0040,承認,2024-03-12 08:37:27,EMP-016
INV-0040,支払予定登録,2024-03-12 11:45:03,EMP-015
INV-0040,支払実行,2024-03-17 11:45:03,SYSTEM
INV-0041,請求書受領,2024-01-26 17:01:00,SYSTEM
INV-0041,検証割当,2024-01-26 19:19:05,EMP-015
INV-0041,検証完了,2024-01-26 22:45:00,EMP-015
INV-0041,承認,2024-01-28 10:13:07,EMP-016
INV-0041,支払予定登録,2024-01-28 16:34:52,EMP-015
INV-0041,支払実行,2024-02-09 16:34:52,SYSTEM
INV-0042,請求書受領,2024-03-18 00:31:00,SYSTEM
INV-0042,検証割当,2024-03-18 03:02:13,EMP-015
INV-0042,検証完了,2024-03-18 10:55:13,EMP-015
INV-0042,承認,2024-03-19 12:50:59,EMP-016
INV-0042,支払予定登録,2024-03-19 17:04:41,EMP-015
INV-0042,支払実行,2024-04-15 17:04:41,SYSTEM
INV-0043,請求書受領,2024-01-17 10:05:00,SYSTEM
INV-0043,検証割当,2024-01-17 16:59:17,EMP-015
INV-0043,エラー検出,2024-01-18 08:18:40,EMP-015
INV-0043,ベンダー問合せ,2024-01-19 03:49:27,EMP-015
INV-0043,修正受領,2024-01-20 03:49:27,SYSTEM
INV-0043,検証完了,2024-01-20 03:49:27,EMP-015
INV-0043,承認,2024-01-21 07:43:28,EMP-016
INV-0043,支払予定登録,2024-01-21 10:48:51,EMP-015
INV-0043,支払実行,2024-02-03 10:48:51,SYSTEM
INV-0044,請求書受領,2024-07-14 00:07:00,SYSTEM
INV-0044,検証割当,2024-07-14 07:56:19,EMP-015
INV-0044,検証完了,2024-07-14 19:56:39,EMP-015
INV-0044,承認,2024-07-16 18:50:35,EMP-016
INV-0044,支払予定登録,2024-07-16 22:19:34,EMP-015
INV-0044,支払実行,2024-07-22 22:19:34,SYSTEM
INV-0045,請求書受領,2024-08-23 23:49:00,SYSTEM
INV-0045,検証割当,2024-08-24 01:28:27,EMP-015
INV-0045,検証完了,2024-08-24 12:47:54,EMP-015
INV-0045,承認,2024-08-25 09:55:11,EMP-016
INV-0045,支払予定登録,2024-08-25 17:41:13,EMP-015
INV-0045,支払実行,2024-09-09 17:41:13,SYSTEM
INV-0046,請求書受領,2024-11-18 23:02:00,SYSTEM
INV-0046,検証割当,2024-11-19 05:14:47,EMP-015
INV-0046,エラー検出,2024-11-19 14:56:25,EMP-015
INV-0046,ベンダー問合せ,2024-11-20 04:33:54,EMP-015
INV-0046,修正受領,2024-11-23 04:33:54,SYSTEM
INV-0046,検証完了,2024-11-23 04:33:54,EMP-015
INV-0046,承認,2024-11-23 17:18:32,EMP-016
INV-0046,支払予定登録,2024-11-24 00:38:02,EMP-015
INV-0046,支払実行,2024-12-20 00:38:02,SYSTEM
INV-0047,請求書受領,2024-02-27 07:40:00,SYSTEM
INV-0047,検証割当,2024-02-27 11:42:20,EMP-015
INV-0047,検証完了,2024-02-27 13:55:00,EMP-015
INV-0047,承認,2024-02-28 19:38:36,EMP-016
INV-0047,支払予定登録,2024-02-29 00:01:05,EMP-015
INV-0047,支払実行,2024-03-12 00:01:05,SYSTEM
INV-0048,請求書受領,2024-01-22 18:50:00,SYSTEM
INV-0048,検証割当,2024-01-23 00:40:06,EMP-015
INV-0048,検証完了,2024-01-23 12:18:22,EMP-015
INV-0048,承認,2024-01-25 02:13:16,EMP-016
INV-0048,支払予定登録,2024-01-25 05:42:49,EMP-015
INV-0048,支払実行,2024-02-14 05:42:49,SYSTEM
INV-0049,請求書受領,2024-12-17 19:21:00,SYSTEM
INV-0049,検証割当,2024-12-18 02:51:57,EMP-015
INV-0049,検証完了,2024-12-18 18:49:24,EMP-015
INV-0049,承認,2024-12-19 01:27:13,EMP-016
INV-0049,支払予定登録,2024-12-19 07:19:16,EMP-015
INV-0049,支払実行,2025-01-15 07:19:16,SYSTEM
INV-0050,請求書受領,2024-02-24 04:31:00,SYSTEM
INV-0050,検証割当,2024-02-24 07:08:43,EMP-015
INV-0050,検証完了,2024-02-24 22:53:19,EMP-015
INV-0050,承認,2024-02-26 12:11:00,EMP-016
INV-0050,支払予定登録,2024-02-26 19:01:00,EMP-015
INV-0050,支払実行,2024-03-16 19:01:00,SYSTEM
INV-0051,請求書受領,2024-04-08 00:44:00,SYSTEM
INV-0051,検証割当,2024-04-08 04:22:39,EMP-015
INV-0051,検証完了,2024-04-08 16:31:09,EMP-015
INV-0051,承認,2024-04-08 22:15:24,EMP-016
INV-0051,支払予定登録,2024-04-09 04:29:47,EMP-015
INV-0051,支払実行,2024-05-01 04:29:47,SYSTEM
INV-0052,請求書受領,2024-10-04 22:31:00,SYSTEM
INV-0052,検証割当,2024-10-05 00:50:42,EMP-015
INV-0052,検証完了,2024-10-05 05:27:28,EMP-015
INV-0052,承認,2024-10-06 17:41:00,EMP-016
INV-0052,支払予定登録,2024-10-06 21:20:07,EMP-015
INV-0052,支払実行,2024-10-30 21:20:07,SYSTEM
INV-0053,請求書受領,2024-10-10 05:04:00,SYSTEM
INV-0053,検証割当,2024-10-10 09:47:04,EMP-015
INV-0053,検証完了,2024-10-10 18:04:33,EMP-015
INV-0053,承認,2024-10-11 21:54:24,EMP-016
INV-0053,支払予定登録,2024-10-12 02:37:52,EMP-015
INV-0053,支払実行,2024-11-10 02:37:52,SYSTEM
INV-0054,請求書受領,2024-09-16 12:46:00,SYSTEM
INV-0054,検証割当,2024-09-16 15:03:55,EMP-015
INV-0054,検証完了,2024-09-16 17:19:38,EMP-015
INV-0054,承認,2024-09-18 07:28:19,EMP-016
INV-0054,支払予定登録,2024-09-18 10:54:17,EMP-015
INV-0054,支払実行,2024-10-16 10:54:17,SYSTEM
INV-0055,請求書受領,2024-12-03 17:52:00,SYSTEM
INV-0055,検証割当,2024-12-03 21:34:44,EMP-015
INV-0055,検証完了,2024-12-04 06:54:57,EMP-015
INV-0055,承認,2024-12-05 11:10:50,EMP-016
INV-0055,支払予定登録,2024-12-05 16:51:32,EMP-015
INV-0055,支払実行,2024-12-20 16:51:32,SYSTEM
INV-0056,請求書受領,2024-11-24 10:07:00,SYSTEM
INV-0056,検証割当,2024-11-24 11:47:25,EMP-015
INV-0056,エラー検出,2024-11-24 23:00:53,EMP-015
INV-0056,ベンダー問合せ,2024-11-25 21:46:15,EMP-015
INV-0056,修正受領,2024-11-27 21:46:15,SYSTEM
INV-0056,検証完了,2024-11-27 21:46:15,EMP-015
INV-0056,承認,2024-11-29 16:12:16,EMP-016
INV-0056,支払予定登録,2024-11-29 19:25:01,EMP-015
INV-0056,支払実行,2024-12-19 19:25:01,SYSTEM
INV-0057,請求書受領,2024-02-20 01:36:00,SYSTEM
INV-0057,検証割当,2024-02-20 07:05:32,EMP-015
INV-0057,検証完了,2024-02-20 14:31:57,EMP-015
INV-0057,承認,2024-02-21 21:59:14,EMP-016
INV-0057,支払予定登録,2024-02-22 03:31:44,EMP-015
INV-0057,支払実行,2024-02-28 03:31:44,SYSTEM
INV-0058,請求書受領,2024-04-23 19:45:00,SYSTEM
INV-0058,検証割当,2024-04-23 21:14:46,EMP-015
INV-0058,検証完了,2024-04-24 12:16:08,EMP-015
INV-0058,承認,2024-04-25 13:53:27,EMP-016
INV-0058,支払予定登録,2024-04-25 21:13:46,EMP-015
INV-0058,支払実行,2024-05-02 21:13:46,SYSTEM
INV-0059,請求書受領,2024-11-23 01:23:00,SYSTEM
INV-0059,検証割当,2024-11-23 06:17:22,EMP-015
INV-0059,検証完了,2024-11-23 21:25:29,EMP-015
INV-0059,承認,2024-11-24 17:39:50,EMP-016
INV-0059,支払予定登録,2024-11-24 23:54:52,EMP-015
INV-0059,支払実行,2024-12-18 23:54:52,SYSTEM
INV-0060,請求書受領,2024-09-27 01:46:00,SYSTEM
INV-0060,検証割当,2024-09-27 03:15:33,EMP-015
INV-0060,検証完了,2024-09-27 09:30:50,EMP-015
INV-0060,承認,2024-09-29 07:46:47,EMP-016
INV-0060,支払予定登録,2024-09-29 10:21:45,EMP-015
INV-0060,支払実行,2024-10-27 10:21:45,SYSTEM
INV-0061,請求書受領,2024-09-29 12:12:00,SYSTEM
INV-0061,検証割当,2024-09-29 14:33:06,EMP-015
INV-0061,検証完了,2024-09-30 01:44:53,EMP-015
INV-0061,承認,2024-10-01 23:26:17,EMP-016
INV-0061,支払予定登録,2024-10-02 04:47:19,EMP-015
INV-0061,支払実行,2024-10-24 04:47:19,SYSTEM
INV-0062,請求書受領,2024-02-24 20:36:00,SYSTEM
INV-0062,検証割当,2024-02-25 00:06:20,EMP-015
INV-0062,検証完了,2024-02-25 08:31:40,EMP-015
INV-0062,承認,2024-02-27 03:22:19,EMP-016
INV-0062,支払予定登録,2024-02-27 06:22:22,EMP-015
INV-0062,支払実行,2024-03-08 06:22:22,SYSTEM
INV-0063,請求書受領,2024-07-24 16:21:00,SYSTEM
INV-0063,検証割当,2024-07-24 21:57:09,EMP-015
INV-0063,検証完了,2024-07-25 07:25:38,EMP-015
INV-0063,承認,2024-07-27 04:30:07,EMP-016
INV-0063,支払予定登録,2024-07-27 11:55:01,EMP-015
INV-0063,支払実行,2024-08-18 11:55:01,SYSTEM
INV-0064,請求書受領,2024-07-09 13:48:00,SYSTEM
INV-0064,検証割当,2024-07-09 19:13:57,EMP-015
INV-0064,検証完了,2024-07-10 08:47:55,EMP-015
INV-0064,承認,2024-07-10 23:23:26,EMP-016
INV-0064,支払予定登録,2024-07-11 04:39:51,EMP-015
INV-0064,支払実行,2024-07-28 04:39:51,SYSTEM
INV-0065,請求書受領,2024-10-08 23:16:00,SYSTEM
INV-0065,検証割当,2024-10-09 02:47:12,EMP-015
INV-0065,検証完了,2024-10-09 11:07:13,EMP-015
INV-0065,承認,2024-10-09 15:07:44,EMP-016
INV-0065,支払予定登録,2024-10-09 17:20:13,EMP-015
INV-0065,支払実行,2024-10-23 17:20:13,SYSTEM
INV-0066,請求書受領,2024-01-09 16:08:00,SYSTEM
INV-0066,検証割当,2024-01-10 00:05:13,EMP-015
INV-0066,検証完了,2024-01-10 06:18:46,EMP-015
INV-0066,承認,2024-01-10 20:04:33,EMP-016
INV-0066,支払予定登録,2024-01-11 03:12:37,EMP-015
INV-0066,支払実行,2024-01-16 03:12:37,SYSTEM
INV-0067,請求書受領,2024-12-19 08:58:00,SYSTEM
INV-0067,検証割当,2024-12-19 13:50:32,EMP-015
INV-0067,検証完了,2024-12-19 23:37:50,EMP-015
INV-0067,承認,2024-12-20 10:26:17,EMP-016
INV-0067,支払予定登録,2024-12-20 12:39:52,EMP-015
INV-0067,支払実行,2025-01-05 12:39:52,SYSTEM
INV-0068,請求書受領,2024-03-11 08:23:00,SYSTEM
INV-0068,検証割当,2024-03-11 15:36:38,EMP-015
INV-0068,検証完了,2024-03-11 21:06:31,EMP-015
INV-0068,承認,2024-03-12 14:19:19,EMP-016
INV-0068,支払予定登録,2024-03-12 19:44:41,EMP-015
INV-0068,支払実行,2024-04-04 19:44:41,SYSTEM
INV-0069,請求書受領,2024-04-21 23:04:00,SYSTEM
INV-0069,検証割当,2024-04-22 05:07:54,EMP-015
INV-0069,検証完了,2024-04-22 18:13:56,EMP-015
INV-0069,承認,2024-04-24 10:33:48,EMP-016
INV-0069,支払予定登録,2024-04-24 16:42:03,EMP-015
INV-0069,支払実行,2024-05-17 16:42:03,SYSTEM
INV-0070,請求書受領,2024-02-18 19:41:00,SYSTEM
INV-0070,検証割当,2024-02-18 22:47:09,EMP-015
INV-0070,検証完了,2024-02-19 11:01:01,EMP-015
INV-0070,承認,2024-02-19 18:28:12,EMP-016
INV-0070,支払予定登録,2024-02-19 20:48:20,EMP-015
INV-0070,支払実行,2024-03-19 20:48:20,SYSTEM
INV-0071,請求書受領,2024-06-27 13:26:00,SYSTEM
INV-0071,検証割当,2024-06-27 20:56:42,EMP-015
INV-0071,検証完了,2024-06-28 00:37:57,EMP-015
INV-0071,承認,2024-06-29 13:31:49,EMP-016
INV-0071,支払予定登録,2024-06-29 20:37:38,EMP-015
INV-0071,支払実行,2024-07-04 20:37:38,SYSTEM
INV-0072,請求書受領,2024-11-19 12:03:00,SYSTEM
INV-0072,検証割当,2024-11-19 15:11:00,EMP-015
INV-0072,検証完了,2024-11-19 17:45:36,EMP-015
INV-0072,承認,2024-11-20 04:20:29,EMP-016
INV-0072,支払予定登録,2024-11-20 09:21:21,EMP-015
INV-0072,支払実行,2024-12-02 09:21:21,SYSTEM
INV-0073,請求書受領,2024-01-26 21:46:00,SYSTEM
INV-0073,検証割当,2024-01-27 05:44:53,EMP-015
INV-0073,検証完了,2024-01-27 21:20:34,EMP-015
INV-0073,承認,2024-01-29 02:39:14,EMP-016
INV-0073,支払予定登録,2024-01-29 05:11:40,EMP-015
INV-0073,支払実行,2024-02-16 05:11:40,SYSTEM
INV-0074,請求書受領,2024-07-20 04:08:00,SYSTEM
INV-0074,検証割当,2024-07-20 07:29:11,EMP-015
INV-0074,検証完了,2024-07-20 16:08:54,EMP-015
INV-0074,承認,2024-07-21 20:16:01,EMP-016
INV-0074,支払予定登録,2024-07-21 23:50:33,EMP-015
INV-0074,支払実行,2024-08-07 23:50:33,SYSTEM
INV-0075,請求書受領,2024-08-10 22:08:00,SYSTEM
INV-0075,検証割当,2024-08-11 04:28:03,EMP-015
INV-0075,検証完了,2024-08-11 13:12:01,EMP-015
INV-0075,承認,2024-08-12 10:35:40,EMP-016
INV-0075,支払予定登録,2024-08-12 16:01:20,EMP-015
INV-0075,支払実行,2024-09-03 16:01:20,SYSTEM
INV-0076,請求書受領,2024-09-25 07:15:00,SYSTEM
INV-0076,検証割当,2024-09-25 08:45:05,EMP-015
INV-0076,検証完了,2024-09-25 21:37:34,EMP-015
INV-0076,承認,2024-09-27 18:17:18,EMP-016
INV-0076,支払予定登録,2024-09-27 20:49:33,EMP-015
INV-0076,支払実行,2024-10-23 20:49:33,SYSTEM
INV-0077,請求書受領,2024-08-04 11:22:00,SYSTEM
INV-0077,検証割当,2024-08-04 13:42:00,EMP-015
INV-0077,検証完了,2024-08-04 20:31:24,EMP-015
INV-0077,承認,2024-08-06 10:23:21,EMP-016
INV-0077,支払予定登録,2024-08-06 13:24:17,EMP-015
INV-0077,支払実行,2024-08-22 13:24:17,SYSTEM
INV-0078,請求書受領,2024-08-14 19:09:00,SYSTEM
INV-0078,検証割当,2024-08-14 23:13:59,EMP-015
INV-0078,検証完了,2024-08-15 14:10:20,EMP-015
INV-0078,承認,2024-08-17 00:19:40,EMP-016
INV-0078,支払予定登録,2024-08-17 03:15:50,EMP-015
INV-0078,支払実行,2024-09-14 03:15:50,SYSTEM
INV-0079,請求書受領,2024-02-13 03:47:00,SYSTEM
INV-0079,検証割当,2024-02-13 05:09:54,EMP-015
INV-0079,検証完了,2024-02-13 20:27:00,EMP-015
INV-0079,承認,2024-02-15 14:40:31,EMP-016
INV-0079,支払予定登録,2024-02-15 21:35:46,EMP-015
INV-0079,支払実行,2024-02-20 21:35:46,SYSTEM
INV-0080,請求書受領,2024-12-21 03:19:00,SYSTEM
INV-0080,検証割当,2024-12-21 07:28:01,EMP-015
INV-0080,検証完了,2024-12-21 09:47:08,EMP-015
INV-0080,承認,2024-12-22 13:27:28,EMP-016
INV-0080,支払予定登録,2024-12-22 16:40:50,EMP-015
INV-0080,支払実行,2025-01-12 16:40:50,SYSTEM
INV-0081,請求書受領,2024-05-12 17:30:00,SYSTEM
INV-0081,検証割当,2024-05-12 22:51:40,EMP-015
INV-0081,検証完了,2024-05-13 14:45:12,EMP-015
INV-0081,承認,2024-05-15 00:09:25,EMP-016
INV-0081,支払予定登録,2024-05-15 04:24:59,EMP-015
INV-0081,支払実行,2024-06-10 04:24:59,SYSTEM
INV-0082,請求書受領,2024-01-23 08:10:00,SYSTEM
INV-0082,検証割当,2024-01-23 09:35:14,EMP-015
INV-0082,検証完了,2024-01-23 14:23:49,EMP-015
INV-0082,承認,2024-01-24 06:20:00,EMP-016
INV-0082,支払予定登録,2024-01-24 11:07:23,EMP-015
INV-0082,支払実行,2024-01-29 11:07:23,SYSTEM
INV-0083,請求書受領,2024-07-17 21:17:00,SYSTEM
INV-0083,検証割当,2024-07-18 02:55:27,EMP-015
INV-0083,検証完了,2024-07-18 17:42:15,EMP-015
INV-0083,承認,2024-07-19 02:27:05,EMP-016
INV-0083,支払予定登録,2024-07-19 06:12:23,EMP-015
INV-0083,支払実行,2024-08-13 06:12:23,SYSTEM
INV-0084,請求書受領,2024-04-28 12:32:00,SYSTEM
INV-0084,検証割当,2024-04-28 20:22:10,EMP-015
INV-0084,検証完了,2024-04-28 23:45:50,EMP-015
INV-0084,承認,2024-04-30 17:54:07,EMP-016
INV-0084,支払予定登録,2024-04-30 23:05:29,EMP-015
INV-0084,支払実行,2024-05-10 23:05:29,SYSTEM
INV-0085,請求書受領,2024-09-13 14:35:00,SYSTEM
INV-0085,検証割当,2024-09-13 22:04:04,EMP-015
INV-0085,検証完了,2024-09-14 00:22:07,EMP-015
INV-0085,承認,2024-09-15 03:39:46,EMP-016
INV-0085,支払予定登録,2024-09-15 07:39:51,EMP-015
INV-0085,支払実行,2024-10-02 07:39:51,SYSTEM
INV-0086,請求書受領,2024-03-21 00:22:00,SYSTEM
INV-0086,検証割当,2024-03-21 06:09:24,EMP-015
INV-0086,検証完了,2024-03-21 13:07:55,EMP-015
INV-0086,承認,2024-03-23 12:57:21,EMP-016
INV-0086,支払予定登録,2024-03-23 20:49:38,EMP-015
INV-0086,支払実行,2024-04-05 20:49:38,SYSTEM
INV-0087,請求書受領,2024-02-01 20:16:00,SYSTEM
INV-0087,検証割当,2024-02-02 03:25:02,EMP-015
INV-0087,検証完了,2024-02-02 17:52:58,EMP-015
INV-0087,承認,2024-02-02 23:10:46,EMP-016
INV-0087,支払予定登録,2024-02-03 04:30:33,EMP-015
INV-0087,支払実行,2024-02-16 04:30:33,SYSTEM
INV-0088,請求書受領,2024-03-18 10:57:00,SYSTEM
INV-0088,検証割当,2024-03-18 14:41:59,EMP-015
INV-0088,検証完了,2024-03-18 18:37:17,EMP-015
INV-0088,承認,2024-03-19 21:31:59,EMP-016
INV-0088,支払予定登録,2024-03-20 03:36:04,EMP-015
INV-0088,支払実行,2024-04-14 03:36:04,SYSTEM
INV-0089,請求書受領,2024-04-26 13:15:00,SYSTEM
INV-0089,検証割当,2024-04-26 18:15:37,EMP-015
INV-0089,検証完了,2024-04-27 02:13:50,EMP-015
INV-0089,承認,2024-04-28 08:52:01,EMP-016
INV-0089,支払予定登録,2024-04-28 13:33:43,EMP-015
INV-0089,支払実行,2024-05-07 13:33:43,SYSTEM
INV-0090,請求書受領,2024-11-30 04:37:00,SYSTEM
INV-0090,検証割当,2024-11-30 09:24:22,EMP-015
INV-0090,検証完了,2024-11-30 22:36:27,EMP-015
INV-0090,承認,2024-12-01 16:12:12,EMP-016
INV-0090,支払予定登録,2024-12-01 22:26:03,EMP-015
INV-0090,支払実行,2024-12-22 22:26:03,SYSTEM
INV-0091,請求書受領,2024-03-10 13:58:00,SYSTEM
INV-0091,検証割当,2024-03-10 21:47:49,EMP-015
INV-0091,検証完了,2024-03-11 01:49:45,EMP-015
INV-0091,承認,2024-03-12 22:10:55,EMP-016
INV-0091,支払予定登録,2024-03-13 02:05:13,EMP-015
INV-0091,支払実行,2024-04-04 02:05:13,SYSTEM
INV-0092,請求書受領,2024-03-01 05:20:00,SYSTEM
INV-0092,検証割当,2024-03-01 12:12:35,EMP-015
INV-0092,エラー検出,2024-03-01 16:14:50,EMP-015
INV-0092,ベンダー問合せ,2024-03-02 02:37:15,EMP-015
INV-0092,修正受領,2024-03-06 02:37:15,SYSTEM
INV-0092,検証完了,2024-03-06 02:37:15,EMP-015
INV-0092,承認,2024-03-08 00:54:49,EMP-016
INV-0092,支払予定登録,2024-03-08 04:44:01,EMP-015
INV-0092,支払実行,2024-04-05 04:44:01,SYSTEM
INV-0093,請求書受領,2024-11-22 23:17:00,SYSTEM
INV-0093,検証割当,2024-11-23 01:20:49,EMP-015
INV-0093,エラー検出,2024-11-23 05:58:41,EMP-015
INV-0093,ベンダー問合せ,2024-11-23 10:30:07,EMP-015
INV-0093,修正受領,2024-11-28 10:30:07,SYSTEM
INV-0093,検証完了,2024-11-28 10:30:07,EMP-015
INV-0093,承認,2024-11-29 17:38:51,EMP-016
INV-0093,支払予定登録,2024-11-29 23:16:52,EMP-015
INV-0093,支払実行,2024-12-23 23:16:52,SYSTEM
INV-0094,請求書受領,2024-11-01 07:14:00,SYSTEM
INV-0094,検証割当,2024-11-01 13:02:41,EMP-015
INV-0094,検証完了,2024-11-01 20:04:28,EMP-015
INV-0094,承認,2024-11-02 21:02:42,EMP-016
INV-0094,支払予定登録,2024-11-03 02:03:32,EMP-015
INV-0094,支払実行,2024-11-27 02:03:32,SYSTEM
INV-0095,請求書受領,2024-12-30 20:23:00,SYSTEM
INV-0095,検証割当,2024-12-30 22:40:16,EMP-015
INV-0095,検証完了,2024-12-31 06:05:44,EMP-015
INV-0095,承認,2024-12-31 17:18:07,EMP-016
INV-0095,支払予定登録,2024-12-31 20:39:35,EMP-015
INV-0095,支払実行,2025-01-18 20:39:35,SYSTEM
INV-0096,請求書受領,2024-01-08 08:26:00,SYSTEM
INV-0096,検証割当,2024-01-08 10:59:28,EMP-015
INV-0096,検証完了,2024-01-08 22:23:23,EMP-015
INV-0096,承認,2024-01-09 11:23:26,EMP-016
INV-0096,支払予定登録,2024-01-09 14:27:11,EMP-015
INV-0096,支払実行,2024-01-28 14:27:11,SYSTEM
INV-0097,請求書受領,2024-11-11 15:44:00,SYSTEM
INV-0097,検証割当,2024-11-11 19:00:27,EMP-015
INV-0097,検証完了,2024-11-12 03:24:47,EMP-015
INV-0097,承認,2024-11-13 01:13:38,EMP-016
INV-0097,支払予定登録,2024-11-13 03:28:41,EMP-015
INV-0097,支払実行,2024-12-11 03:28:41,SYSTEM
INV-0098,請求書受領,2024-07-13 23:20:00,SYSTEM
INV-0098,検証割当,2024-07-14 03:05:32,EMP-015
INV-0098,検証完了,2024-07-14 18:14:25,EMP-015
INV-0098,承認,2024-07-15 21:49:52,EMP-016
INV-0098,支払予定登録,2024-07-16 03:40:46,EMP-015
INV-0098,支払実行,2024-08-12 03:40:46,SYSTEM
INV-0099,請求書受領,2024-01-20 16:06:00,SYSTEM
INV-0099,検証割当,2024-01-20 20:15:40,EMP-015
INV-0099,エラー検出,2024-01-21 09:50:21,EMP-015
INV-0099,ベンダー問合せ,2024-01-22 09:45:22,EMP-015
INV-0099,修正受領,2024-01-27 09:45:22,SYSTEM
INV-0099,検証完了,2024-01-27 09:45:22,EMP-015
INV-0099,承認,2024-01-28 13:25:20,EMP-016
INV-0099,支払予定登録,2024-01-28 21:19:31,EMP-015
INV-0099,支払実行,2024-02-03 21:19:31,SYSTEM
INV-0100,請求書受領,2024-07-17 16:48:00,SYSTEM
INV-0100,検証割当,2024-07-17 22:12:52,EMP-015
INV-0100,検証完了,2024-07-18 00:54:16,EMP-015
INV-0100,承認,2024-07-18 22:25:06,EMP-016
INV-0100,支払予定登録,2024-07-19 02:14:44,EMP-015
INV-0100,支払実行,2024-08-02 02:14:44,SYSTEM
INV-0101,請求書受領,2024-03-26 13:18:00,SYSTEM
INV-0101,検証割当,2024-03-26 18:35:30,EMP-015
INV-0101,検証完了,2024-03-26 21:21:20,EMP-015
INV-0101,承認,2024-03-27 07:36:50,EMP-016
INV-0101,支払予定登録,2024-03-27 14:35:36,EMP-015
INV-0101,支払実行,2024-04-15 14:35:36,SYSTEM
INV-0102,請求書受領,2024-09-13 03:11:00,SYSTEM
INV-0102,検証割当,2024-09-13 09:38:04,EMP-015
INV-0102,検証完了,2024-09-14 00:45:51,EMP-015
INV-0102,承認,2024-09-14 10:43:03,EMP-016
INV-0102,支払予定登録,2024-09-14 15:11:56,EMP-015
INV-0102,支払実行,2024-10-03 15:11:56,SYSTEM
INV-0103,請求書受領,2024-04-01 14:37:00,SYSTEM
INV-0103,検証割当,2024-04-01 21:53:34,EMP-015
INV-0103,検証完了,2024-04-02 12:26:02,EMP-015
INV-0103,承認,2024-04-02 20:24:07,EMP-016
INV-0103,支払予定登録,2024-04-03 00:20:47,EMP-015
INV-0103,支払実行,2024-04-28 00:20:47,SYSTEM
INV-0104,請求書受領,2024-12-30 05:45:00,SYSTEM
INV-0104,検証割当,2024-12-30 11:52:58,EMP-015
INV-0104,検証完了,2024-12-30 15:09:34,EMP-015
INV-0104,承認,2024-12-31 23:03:31,EMP-016
INV-0104,支払予定登録,2025-01-01 01:34:13,EMP-015
INV-0104,支払実行,2025-01-28 01:34:13,SYSTEM
INV-0105,請求書受領,2024-09-18 19:10:00,SYSTEM
INV-0105,検証割当,2024-09-18 22:49:02,EMP-015
INV-0105,検証完了,2024-09-19 06:08:45,EMP-015
INV-0105,承認,2024-09-21 02:17:06,EMP-016
INV-0105,支払予定登録,2024-09-21 07:40:40,EMP-015
INV-0105,支払実行,2024-10-17 07:40:40,SYSTEM
INV-0106,請求書受領,2024-03-17 05:55:00,SYSTEM
INV-0106,検証割当,2024-03-17 07:55:44,EMP-015
INV-0106,エラー検出,2024-03-17 20:41:49,EMP-015
INV-0106,ベンダー問合せ,2024-03-18 06:51:30,EMP-015
INV-0106,修正受領,2024-03-22 06:51:30,SYSTEM
INV-0106,検証完了,2024-03-22 06:51:30,EMP-015
INV-0106,承認,2024-03-22 23:33:52,EMP-016
INV-0106,支払予定登録,2024-03-23 02:38:55,EMP-015
INV-0106,支払実行,2024-04-01 02:38:55,SYSTEM
INV-0107,請求書受領,2024-01-02 19:48:00,SYSTEM
INV-0107,検証割当,2024-01-02 22:34:18,EMP-015
INV-0107,検証完了,2024-01-03 06:59:33,EMP-015
INV-0107,承認,2024-01-04 10:54:24,EMP-016
INV-0107,支払予定登録,2024-01-04 12:56:28,EMP-015
INV-0107,支払実行,2024-01-24 12:56:28,SYSTEM
INV-0108,請求書受領,2024-04-21 18:42:00,SYSTEM
INV-0108,検証割当,2024-04-21 23:01:47,EMP-015
INV-0108,エラー検出,2024-04-22 06:46:19,EMP-015
INV-0108,ベンダー問合せ,2024-04-22 22:46:26,EMP-015
INV-0108,修正受領,2024-04-24 22:46:26,SYSTEM
INV-0108,検証完了,2024-04-24 22:46:26,EMP-015
INV-0108,承認,2024-04-26 17:35:22,EMP-016
INV-0108,支払予定登録,2024-04-26 21:15:29,EMP-015
INV-0108,支払実行,2024-05-21 21:15:29,SYSTEM
INV-0109,請求書受領,2024-04-16 01:11:00,SYSTEM
INV-0109,検証割当,2024-04-16 03:13:16,EMP-015
INV-0109,エラー検出,2024-04-16 14:22:01,EMP-015
INV-0109,ベンダー問合せ,2024-04-17 11:26:36,EMP-015
INV-0109,修正受領,2024-04-22 11:26:36,SYSTEM
INV-0109,検証完了,2024-04-22 11:26:36,EMP-015
INV-0109,承認,2024-04-24 04:18:58,EMP-016
INV-0109,支払予定登録,2024-04-24 08:06:24,EMP-015
INV-0109,支払実行,2024-05-01 08:06:24,SYSTEM
INV-0110,請求書受領,2024-02-25 13:11:00,SYSTEM
INV-0110,検証割当,2024-02-25 15:18:45,EMP-015
INV-0110,検証完了,2024-02-25 21:17:38,EMP-015
INV-0110,承認,2024-02-27 08:05:14,EMP-016
INV-0110,支払予定登録,2024-02-27 13:31:15,EMP-015
INV-0110,支払実行,2024-03-20 13:31:15,SYSTEM
INV-0111,請求書受領,2024-08-21 23:37:00,SYSTEM
INV-0111,検証割当,2024-08-22 03:08:16,EMP-015
INV-0111,検証完了,2024-08-22 05:38:23,EMP-015
INV-0111,承認,2024-08-22 23:50:38,EMP-016
INV-0111,支払予定登録,2024-08-23 07:13:44,EMP-015
INV-0111,支払実行,2024-08-30 07:13:44,SYSTEM
INV-0112,請求書受領,2024-08-06 17:04:00,SYSTEM
INV-0112,検証割当,2024-08-06 20:06:59,EMP-015
INV-0112,検証完了,2024-08-07 00:00:00,EMP-015
INV-0112,承認,2024-08-07 16:04:28,EMP-016
INV-0112,支払予定登録,2024-08-07 21:14:12,EMP-015
INV-0112,支払実行,2024-08-28 21:14:12,SYSTEM
INV-0113,請求書受領,2024-12-22 06:39:00,SYSTEM
INV-0113,検証割当,2024-12-22 08:03:26,EMP-015
INV-0113,検証完了,2024-12-22 18:03:23,EMP-015
INV-0113,承認,2024-12-23 21:19:48,EMP-016
INV-0113,支払予定登録,2024-12-23 23:51:21,EMP-015
INV-0113,支払実行,2025-01-20 23:51:21,SYSTEM
INV-0114,請求書受領,2024-11-05 22:18:00,SYSTEM
INV-0114,検証割当,2024-11-06 02:17:21,EMP-015
INV-0114,検証完了,2024-11-06 16:09:30,EMP-015
INV-0114,承認,2024-11-07 21:27:53,EMP-016
INV-0114,支払予定登録,2024-11-08 03:12:15,EMP-015
INV-0114,支払実行,2024-11-17 03:12:15,SYSTEM
INV-0115,請求書受領,2024-10-15 15:33:00,SYSTEM
INV-0115,検証割当,2024-10-15 21:39:15,EMP-015
INV-0115,検証完了,2024-10-16 06:37:21,EMP-015
INV-0115,承認,2024-10-18 01:30:13,EMP-016
INV-0115,支払予定登録,2024-10-18 04:54:00,EMP-015
INV-0115,支払実行,2024-11-01 04:54:00,SYSTEM
INV-0116,請求書受領,2024-01-01 03:01:00,SYSTEM
INV-0116,検証割当,2024-01-01 07:16:15,EMP-015
INV-0116,検証完了,2024-01-01 20:25:30,EMP-015
INV-0116,承認,2024-01-02 09:32:51,EMP-016
INV-0116,支払予定登録,2024-01-02 15:14:22,EMP-015
INV-0116,支払実行,2024-01-20 15:14:22,SYSTEM
INV-0117,請求書受領,2024-01-24 10:22:00,SYSTEM
INV-0117,検証割当,2024-01-24 15:17:22,EMP-015
INV-0117,エラー検出,2024-01-25 02:12:52,EMP-015
INV-0117,ベンダー問合せ,2024-01-25 10:14:18,EMP-015
INV-0117,修正受領,2024-01-28 10:14:18,SYSTEM
INV-0117,検証完了,2024-01-28 10:14:18,EMP-015
INV-0117,承認,2024-01-29 01:25:57,EMP-016
INV-0117,支払予定登録,2024-01-29 03:50:23,EMP-015
INV-0117,支払実行,2024-02-12 03:50:23,SYSTEM
INV-0118,請求書受領,2024-10-08 10:49:00,SYSTEM
INV-0118,検証割当,2024-10-08 11:51:34,EMP-015
INV-0118,検証完了,2024-10-08 23:27:40,EMP-015
INV-0118,承認,2024-10-10 11:20:05,EMP-016
INV-0118,支払予定登録,2024-10-10 17:01:50,EMP-015
INV-0118,支払実行,2024-10-15 17:01:50,SYSTEM
INV-0119,請求書受領,2024-03-30 06:21:00,SYSTEM
INV-0119,検証割当,2024-03-30 13:11:12,EMP-015
INV-0119,検証完了,2024-03-31 04:05:55,EMP-015
INV-0119,承認,2024-04-01 04:58:36,EMP-016
INV-0119,支払予定登録,2024-04-01 07:11:24,EMP-015
INV-0119,支払実行,2024-04-10 07:11:24,SYSTEM
INV-0120,請求書受領,2024-03-20 20:29:00,SYSTEM
INV-0120,検証割当,2024-03-21 03:43:39,EMP-015
INV-0120,検証完了,2024-03-21 13:14:43,EMP-015
INV-0120,承認,2024-03-23 03:44:26,EMP-016
INV-0120,支払予定登録,2024-03-23 08:13:28,EMP-015
INV-0120,支払実行,2024-04-20 08:13:28,SYSTEM
INV-0121,請求書受領,2024-09-23 09:36:00,SYSTEM
INV-0121,検証割当,2024-09-23 15:40:29,EMP-015
INV-0121,検証完了,2024-09-23 22:05:30,EMP-015
INV-0121,承認,2024-09-24 11:15:19,EMP-016
INV-0121,支払予定登録,2024-09-24 17:22:05,EMP-015
INV-0121,支払実行,2024-10-24 17:22:05,SYSTEM
INV-0122,請求書受領,2024-06-30 02:09:00,SYSTEM
INV-0122,検証割当,2024-06-30 05:06:47,EMP-015
INV-0122,検証完了,2024-06-30 07:32:58,EMP-015
INV-0122,承認,2024-07-01 15:06:58,EMP-016
INV-0122,支払予定登録,2024-07-01 22:10:14,EMP-015
INV-0122,支払実行,2024-07-24 22:10:14,SYSTEM
INV-0123,請求書受領,2024-07-18 05:38:00,SYSTEM
INV-0123,検証割当,2024-07-18 07:27:04,EMP-015
INV-0123,検証完了,2024-07-18 20:24:14,EMP-015
INV-0123,承認,2024-07-20 14:08:53,EMP-016
INV-0123,支払予定登録,2024-07-20 20:24:25,EMP-015
INV-0123,支払実行,2024-08-02 20:24:25,SYSTEM
INV-0124,請求書受領,2024-02-14 15:56:00,SYSTEM
INV-0124,検証割当,2024-02-14 18:35:48,EMP-015
INV-0124,検証完了,2024-02-15 02:55:24,EMP-015
INV-0124,承認,2024-02-15 16:26:01,EMP-016
INV-0124,支払予定登録,2024-02-15 20:14:51,EMP-015
INV-0124,支払実行,2024-02-23 20:14:51,SYSTEM
INV-0125,請求書受領,2024-01-20 06:58:00,SYSTEM
INV-0125,検証割当,2024-01-20 08:36:53,EMP-015
INV-0125,検証完了,2024-01-20 17:41:55,EMP-015
INV-0125,承認,2024-01-22 13:31:00,EMP-016
INV-0125,支払予定登録,2024-01-22 16:26:28,EMP-015
INV-0125,支払実行,2024-02-06 16:26:28,SYSTEM
INV-0126,請求書受領,2024-09-04 23:55:00,SYSTEM
INV-0126,検証割当,2024-09-05 04:34:55,EMP-015
INV-0126,エラー検出,2024-09-05 17:26:22,EMP-015
INV-0126,ベンダー問合せ,2024-09-06 14:52:31,EMP-015
INV-0126,修正受領,2024-09-11 14:52:31,SYSTEM
INV-0126,検証完了,2024-09-11 14:52:31,EMP-015
INV-0126,承認,2024-09-13 00:39:03,EMP-016
INV-0126,支払予定登録,2024-09-13 03:26:50,EMP-015
INV-0126,支払実行,2024-10-11 03:26:50,SYSTEM
INV-0127,請求書受領,2024-08-23 12:45:00,SYSTEM
INV-0127,検証割当,2024-08-23 19:48:13,EMP-015
INV-0127,検証完了,2024-08-23 23:25:31,EMP-015
INV-0127,承認,2024-08-24 05:21:45,EMP-016
INV-0127,支払予定登録,2024-08-24 12:27:05,EMP-015
INV-0127,支払実行,2024-08-31 12:27:05,SYSTEM
INV-0128,請求書受領,2024-08-27 01:06:00,SYSTEM
INV-0128,検証割当,2024-08-27 05:44:38,EMP-015
INV-0128,検証完了,2024-08-27 16:58:11,EMP-015
INV-0128,承認,2024-08-28 22:22:56,EMP-016
INV-0128,支払予定登録,2024-08-29 02:15:19,EMP-015
INV-0128,支払実行,2024-09-09 02:15:19,SYSTEM
INV-0129,請求書受領,2024-04-12 06:18:00,SYSTEM
INV-0129,検証割当,2024-04-12 09:14:11,EMP-015
INV-0129,検証完了,2024-04-12 15:42:16,EMP-015
INV-0129,承認,2024-04-13 00:52:52,EMP-016
INV-0129,支払予定登録,2024-04-13 03:46:37,EMP-015
INV-0129,支払実行,2024-04-26 03:46:37,SYSTEM
INV-0130,請求書受領,2024-01-08 19:35:00,SYSTEM
INV-0130,検証割当,2024-01-09 00:10:54,EMP-015
INV-0130,検証完了,2024-01-09 05:04:25,EMP-015
INV-0130,承認,2024-01-09 23:05:13,EMP-016
INV-0130,支払予定登録,2024-01-10 01:56:11,EMP-015
INV-0130,支払実行,2024-02-06 01:56:11,SYSTEM
INV-0131,請求書受領,2024-05-25 18:15:00,SYSTEM
INV-0131,検証割当,2024-05-25 20:26:56,EMP-015
INV-0131,検証完了,2024-05-26 02:48:29,EMP-015
INV-0131,承認,2024-05-27 06:35:36,EMP-016
INV-0131,支払予定登録,2024-05-27 08:53:52,EMP-015
INV-0131,支払実行,2024-06-01 08:53:52,SYSTEM
INV-0132,請求書受領,2024-12-11 01:06:00,SYSTEM
INV-0132,検証割当,2024-12-11 04:47:06,EMP-015
INV-0132,検証完了,2024-12-11 07:59:27,EMP-015
INV-0132,承認,2024-12-12 18:59:48,EMP-016
INV-0132,支払予定登録,2024-12-13 02:20:39,EMP-015
INV-0132,支払実行,2025-01-07 02:20:39,SYSTEM
INV-0133,請求書受領,2024-12-19 22:28:00,SYSTEM
INV-0133,検証割当,2024-12-20 03:46:51,EMP-015
INV-0133,検証完了,2024-12-20 10:09:18,EMP-015
INV-0133,承認,2024-12-21 21:31:21,EMP-016
INV-0133,支払予定登録,2024-12-22 03:32:52,EMP-015
INV-0133,支払実行,2025-01-13 03:32:52,SYSTEM
INV-0134,請求書受領,2024-08-26 18:08:00,SYSTEM
INV-0134,検証割当,2024-08-26 19:47:01,EMP-015
INV-0134,検証完了,2024-08-27 09:00:59,EMP-015
INV-0134,承認,2024-08-27 17:17:46,EMP-016
INV-0134,支払予定登録,2024-08-27 21:09:30,EMP-015
INV-0134,支払実行,2024-09-21 21:09:30,SYSTEM
INV-0135,請求書受領,2024-08-26 15:14:00,SYSTEM
INV-0135,検証割当,2024-08-26 22:51:55,EMP-015
INV-0135,検証完了,2024-08-27 02:52:39,EMP-015
INV-0135,承認,2024-08-27 18:13:54,EMP-016
INV-0135,支払予定登録,2024-08-27 22:24:45,EMP-015
INV-0135,支払実行,2024-09-06 22:24:45,SYSTEM
INV-0136,請求書受領,2024-12-06 10:50:00,SYSTEM
INV-0136,検証割当,2024-12-06 17:51:31,EMP-015
INV-0136,検証完了,2024-12-07 00:24:19,EMP-015
INV-0136,承認,2024-12-07 07:16:53,EMP-016
INV-0136,支払予定登録,2024-12-07 09:57:32,EMP-015
INV-0136,支払実行,2024-12-27 09:57:32,SYSTEM
INV-0137,請求書受領,2024-03-28 09:49:00,SYSTEM
INV-0137,検証割当,2024-03-28 13:15:25,EMP-015
INV-0137,検証完了,2024-03-28 23:18:08,EMP-015
INV-0137,承認,2024-03-29 21:09:09,EMP-016
INV-0137,支払予定登録,2024-03-30 03:26:17,EMP-015
INV-0137,支払実行,2024-04-07 03:26:17,SYSTEM
INV-0138,請求書受領,2024-10-11 20:04:00,SYSTEM
INV-0138,検証割当,2024-10-12 02:36:49,EMP-015
INV-0138,検証完了,2024-10-12 12:04:19,EMP-015
INV-0138,承認,2024-10-13 10:15:48,EMP-016
INV-0138,支払予定登録,2024-10-13 15:59:19,EMP-015
INV-0138,支払実行,2024-11-04 15:59:19,SYSTEM
INV-0139,請求書受領,2024-09-03 12:04:00,SYSTEM
INV-0139,検証割当,2024-09-03 15:27:05,EMP-015
INV-0139,検証完了,2024-09-04 04:50:47,EMP-015
INV-0139,承認,2024-09-05 19:21:22,EMP-016
INV-0139,支払予定登録,2024-09-05 23:58:06,EMP-015
INV-0139,支払実行,2024-10-05 23:58:06,SYSTEM
INV-0140,請求書受領,2024-10-05 22:15:00,SYSTEM
INV-0140,検証割当,2024-10-06 00:27:41,EMP-015
INV-0140,検証完了,2024-10-06 11:50:09,EMP-015
INV-0140,承認,2024-10-07 23:09:36,EMP-016
INV-0140,支払予定登録,2024-10-08 06:10:49,EMP-015
INV-0140,支払実行,2024-10-16 06:10:49,SYSTEM
INV-0141,請求書受領,2024-11-01 14:20:00,SYSTEM
INV-0141,検証割当,2024-11-01 19:13:08,EMP-015
INV-0141,検証完了,2024-11-02 08:43:38,EMP-015
INV-0141,承認,2024-11-04 06:47:10,EMP-016
INV-0141,支払予定登録,2024-11-04 09:12:13,EMP-015
INV-0141,支払実行,2024-11-12 09:12:13,SYSTEM
INV-0142,請求書受領,2024-11-01 12:20:00,SYSTEM
INV-0142,検証割当,2024-11-01 16:47:36,EMP-015
INV-0142,エラー検出,2024-11-02 04:02:08,EMP-015
INV-0142,ベンダー問合せ,2024-11-03 00:22:34,EMP-015
INV-0142,修正受領,2024-11-08 00:22:34,SYSTEM
INV-0142,検証完了,2024-11-08 00:22:34,EMP-015
INV-0142,承認,2024-11-09 20:07:10,EMP-016
INV-0142,支払予定登録,2024-11-10 01:56:11,EMP-015
INV-0142,支払実行,2024-11-15 01:56:11,SYSTEM
INV-0143,請求書受領,2024-03-16 21:09:00,SYSTEM
INV-0143,検証割当,2024-03-17 01:19:14,EMP-015
INV-0143,検証完了,2024-03-17 07:24:06,EMP-015
INV-0143,承認,2024-03-18 07:04:36,EMP-016
INV-0143,支払予定登録,2024-03-18 10:18:39,EMP-015
INV-0143,支払実行,2024-04-02 10:18:39,SYSTEM
INV-0144,請求書受領,2024-10-18 21:19:00,SYSTEM
INV-0144,検証割当,2024-10-19 04:44:46,EMP-015
INV-0144,検証完了,2024-10-19 19:51:34,EMP-015
INV-0144,承認,2024-10-21 16:07:29,EMP-016
INV-0144,支払予定登録,2024-10-22 00:03:59,EMP-015
INV-0144,支払実行,2024-11-14 00:03:59,SYSTEM
INV-0145,請求書受領,2024-11-09 16:25:00,SYSTEM
INV-0145,検証割当,2024-11-09 23:21:00,EMP-015
INV-0145,エラー検出,2024-11-10 13:17:06,EMP-015
INV-0145,ベンダー問合せ,2024-11-11 11:18:24,EMP-015
INV-0145,修正受領,2024-11-12 11:18:24,SYSTEM
INV-0145,検証完了,2024-11-12 11:18:24,EMP-015
INV-0145,承認,2024-11-12 15:20:37,EMP-016
INV-0145,支払予定登録,2024-11-12 20:42:14,EMP-015
INV-0145,支払実行,2024-11-28 20:42:14,SYSTEM
INV-0146,請求書受領,2024-05-24 00:15:00,SYSTEM
INV-0146,検証割当,2024-05-24 04:16:19,EMP-015
INV-0146,検証完了,2024-05-24 14:32:03,EMP-015
INV-0146,承認,2024-05-26 01:51:08,EMP-016
INV-0146,支払予定登録,2024-05-26 06:17:18,EMP-015
INV-0146,支払実行,2024-06-13 06:17:18,SYSTEM
INV-0147,請求書受領,2024-04-18 21:11:00,SYSTEM
INV-0147,検証割当,2024-04-19 01:30:26,EMP-015
INV-0147,検証完了,2024-04-19 06:08:33,EMP-015
INV-0147,承認,2024-04-21 02:49:11,EMP-016
INV-0147,支払予定登録,2024-04-21 09:51:34,EMP-015
INV-0147,支払実行,2024-04-30 09:51:34,SYSTEM
INV-0148,請求書受領,2024-12-09 04:08:00,SYSTEM
INV-0148,検証割当,2024-12-09 05:12:52,EMP-015
INV-0148,エラー検出,2024-12-09 16:17:31,EMP-015
INV-0148,ベンダー問合せ,2024-12-10 13:59:23,EMP-015
INV-0148,修正受領,2024-12-14 13:59:23,SYSTEM
INV-0148,検証完了,2024-12-14 13:59:23,EMP-015
INV-0148,承認,2024-12-16 12:53:19,EMP-016
INV-0148,支払予定登録,2024-12-16 15:42:11,EMP-015
INV-0148,支払実行,2024-12-25 15:42:11,SYSTEM
INV-0149,請求書受領,2024-07-31 14:57:00,SYSTEM
INV-0149,検証割当,2024-07-31 21:28:20,EMP-015
INV-0149,検証完了,2024-08-01 07:56:04,EMP-015
INV-0149,承認,2024-08-01 19:50:44,EMP-016
INV-0149,支払予定登録,2024-08-02 00:54:07,EMP-015
INV-0149,支払実行,2024-08-24 00:54:07,SYSTEM
INV-0150,請求書受領,2024-08-18 12:22:00,SYSTEM
INV-0150,検証割当,2024-08-18 14:56:48,EMP-015
INV-0150,エラー検出,2024-08-18 22:53:37,EMP-015
INV-0150,ベンダー問合せ,2024-08-19 12:51:24,EMP-015
INV-0150,修正受領,2024-08-21 12:51:24,SYSTEM
INV-0150,検証完了,2024-08-21 12:51:24,EMP-015
INV-0150,承認,2024-08-23 00:11:25,EMP-016
INV-0150,支払予定登録,2024-08-23 03:48:21,EMP-015
INV-0150,支払実行,2024-09-14 03:48:21,SYSTEM
INV-0151,請求書受領,2024-07-06 01:02:00,SYSTEM
INV-0151,検証割当,2024-07-06 06:00:37,EMP-015
INV-0151,エラー検出,2024-07-06 17:52:43,EMP-015
INV-0151,ベンダー問合せ,2024-07-07 07:30:33,EMP-015
INV-0151,修正受領,2024-07-08 07:30:33,SYSTEM
INV-0151,検証完了,2024-07-08 07:30:33,EMP-015
INV-0151,承認,2024-07-08 17:45:40,EMP-016
INV-0151,支払予定登録,2024-07-09 00:08:56,EMP-015
INV-0151,支払実行,2024-08-07 00:08:56,SYSTEM
INV-0152,請求書受領,2024-05-23 14:33:00,SYSTEM
INV-0152,検証割当,2024-05-23 16:05:51,EMP-015
INV-0152,エラー検出,2024-05-24 06:33:23,EMP-015
INV-0152,ベンダー問合せ,2024-05-24 20:00:19,EMP-015
INV-0152,修正受領,2024-05-25 20:00:19,SYSTEM
INV-0152,検証完了,2024-05-25 20:00:19,EMP-015
INV-0152,承認,2024-05-27 06:06:17,EMP-016
INV-0152,支払予定登録,2024-05-27 11:20:23,EMP-015
INV-0152,支払実行,2024-06-19 11:20:23,SYSTEM
INV-0153,請求書受領,2024-11-09 01:57:00,SYSTEM
INV-0153,検証割当,2024-11-09 05:21:17,EMP-015
INV-0153,検証完了,2024-11-09 18:15:15,EMP-015
INV-0153,承認,2024-11-10 20:48:40,EMP-016
INV-0153,支払予定登録,2024-11-11 01:37:36,EMP-015
INV-0153,支払実行,2024-12-09 01:37:36,SYSTEM
INV-0154,請求書受領,2024-08-03 11:51:00,SYSTEM
INV-0154,検証割当,2024-08-03 14:54:44,EMP-015
INV-0154,検証完了,2024-08-03 19:15:26,EMP-015
INV-0154,承認,2024-08-05 01:33:12,EMP-016
INV-0154,支払予定登録,2024-08-05 05:22:40,EMP-015
INV-0154,支払実行,2024-09-04 05:22:40,SYSTEM
INV-0155,請求書受領,2024-05-13 01:40:00,SYSTEM
INV-0155,検証割当,2024-05-13 05:58:43,EMP-015
INV-0155,エラー検出,2024-05-13 10:20:45,EMP-015
INV-0155,ベンダー問合せ,2024-05-14 10:09:11,EMP-015
INV-0155,修正受領,2024-05-19 10:09:11,SYSTEM
INV-0155,検証完了,2024-05-19 10:09:11,EMP-015
INV-0155,承認,2024-05-19 15:21:15,EMP-016
INV-0155,支払予定登録,2024-05-19 20:15:46,EMP-015
INV-0155,支払実行,2024-05-28 20:15:46,SYSTEM
INV-0156,請求書受領,2024-02-09 08:16:00,SYSTEM
INV-0156,検証割当,2024-02-09 10:11:39,EMP-015
INV-0156,検証完了,2024-02-09 16:07:40,EMP-015
INV-0156,承認,2024-02-09 20:45:10,EMP-016
INV-0156,支払予定登録,2024-02-09 23:25:20,EMP-015
INV-0156,支払実行,2024-02-19 23:25:20,SYSTEM
INV-0157,請求書受領,2024-10-29 23:09:00,SYSTEM
INV-0157,検証割当,2024-10-30 04:45:50,EMP-015
INV-0157,検証完了,2024-10-30 11:56:26,EMP-015
INV-0157,承認,2024-11-01 02:22:19,EMP-016
INV-0157,支払予定登録,2024-11-01 05:47:21,EMP-015
INV-0157,支払実行,2024-11-11 05:47:21,SYSTEM
INV-0158,請求書受領,2024-09-27 01:21:00,SYSTEM
INV-0158,検証割当,2024-09-27 09:14:18,EMP-015
INV-0158,検証完了,2024-09-28 00:46:52,EMP-015
INV-0158,承認,2024-09-29 16:56:13,EMP-016
INV-0158,支払予定登録,2024-09-29 23:57:46,EMP-015
INV-0158,支払実行,2024-10-28 23:57:46,SYSTEM
INV-0159,請求書受領,2024-07-15 07:42:00,SYSTEM
INV-0159,検証割当,2024-07-15 11:46:52,EMP-015
INV-0159,検証完了,2024-07-15 22:42:26,EMP-015
INV-0159,承認,2024-07-17 11:01:09,EMP-016
INV-0159,支払予定登録,2024-07-17 15:05:22,EMP-015
INV-0159,支払実行,2024-08-11 15:05:22,SYSTEM
INV-0160,請求書受領,2024-02-29 01:10:00,SYSTEM
INV-0160,検証割当,2024-02-29 05:24:53,EMP-015
INV-0160,検証完了,2024-02-29 14:04:55,EMP-015
INV-0160,承認,2024-03-02 11:48:18,EMP-016
INV-0160,支払予定登録,2024-03-02 19:20:23,EMP-015
INV-0160,支払実行,2024-03-14 19:20:23,SYSTEM
INV-0161,請求書受領,2024-12-15 22:24:00,SYSTEM
INV-0161,検証割当,2024-12-16 02:43:19,EMP-015
INV-0161,検証完了,2024-12-16 06:45:15,EMP-015
INV-0161,承認,2024-12-16 11:16:34,EMP-016
INV-0161,支払予定登録,2024-12-16 18:50:22,EMP-015
INV-0161,支払実行,2025-01-04 18:50:22,SYSTEM
INV-0162,請求書受領,2024-12-13 10:33:00,SYSTEM
INV-0162,検証割当,2024-12-13 16:19:48,EMP-015
INV-0162,検証完了,2024-12-13 18:54:15,EMP-015
INV-0162,承認,2024-12-15 02:57:03,EMP-016
INV-0162,支払予定登録,2024-12-15 10:41:17,EMP-015
INV-0162,支払実行,2025-01-02 10:41:17,SYSTEM
INV-0163,請求書受領,2024-11-29 08:21:00,SYSTEM
INV-0163,検証割当,2024-11-29 11:14:32,EMP-015
INV-0163,検証完了,2024-11-30 00:28:28,EMP-015
INV-0163,承認,2024-12-01 06:10:42,EMP-016
INV-0163,支払予定登録,2024-12-01 10:56:42,EMP-015
INV-0163,支払実行,2024-12-27 10:56:42,SYSTEM
INV-0164,請求書受領,2024-05-03 23:43:00,SYSTEM
INV-0164,検証割当,2024-05-04 04:50:15,EMP-015
INV-0164,検証完了,2024-05-04 09:34:00,EMP-015
INV-0164,承認,2024-05-05 19:56:20,EMP-016
INV-0164,支払予定登録,2024-05-05 23:01:06,EMP-015
INV-0164,支払実行,2024-05-27 23:01:06,SYSTEM
INV-0165,請求書受領,2024-12-10 00:53:00,SYSTEM
INV-0165,検証割当,2024-12-10 02:21:32,EMP-015
INV-0165,検証完了,2024-12-10 10:06:59,EMP-015
INV-0165,承認,2024-12-11 20:16:42,EMP-016
INV-0165,支払予定登録,2024-12-12 00:23:15,EMP-015
INV-0165,支払実行,2025-01-09 00:23:15,SYSTEM
INV-0166,請求書受領,2024-05-08 06:02:00,SYSTEM
INV-0166,検証割当,2024-05-08 07:11:57,EMP-015
INV-0166,検証完了,2024-05-08 10:29:11,EMP-015
INV-0166,承認,2024-05-09 19:22:37,EMP-016
INV-0166,支払予定登録,2024-05-10 02:23:23,EMP-015
INV-0166,支払実行,2024-06-03 02:23:23,SYSTEM
INV-0167,請求書受領,2024-03-03 22:07:00,SYSTEM
INV-0167,検証割当,2024-03-03 23:43:16,EMP-015
INV-0167,検証完了,2024-03-04 10:11:13,EMP-015
INV-0167,承認,2024-03-05 23:47:48,EMP-016
INV-0167,支払予定登録,2024-03-06 05:41:02,EMP-015
INV-0167,支払実行,2024-04-05 05:41:02,SYSTEM
INV-0168,請求書受領,2024-02-26 22:11:00,SYSTEM
INV-0168,検証割当,2024-02-27 00:57:24,EMP-015
INV-0168,検証完了,2024-02-27 09:29:38,EMP-015
INV-0168,承認,2024-02-28 17:36:01,EMP-016
INV-0168,支払予定登録,2024-02-29 01:08:11,EMP-015
INV-0168,支払実行,2024-03-13 01:08:11,SYSTEM
INV-0169,請求書受領,2024-08-06 22:57:00,SYSTEM
INV-0169,検証割当,2024-08-07 04:37:22,EMP-015
INV-0169,検証完了,2024-08-07 17:24:17,EMP-015
INV-0169,承認,2024-08-09 07:45:24,EMP-016
INV-0169,支払予定登録,2024-08-09 11:25:14,EMP-015
INV-0169,支払実行,2024-08-15 11:25:14,SYSTEM
INV-0170,請求書受領,2024-07-17 10:03:00,SYSTEM
INV-0170,検証割当,2024-07-17 12:51:27,EMP-015
INV-0170,検証完了,2024-07-18 02:14:12,EMP-015
INV-0170,承認,2024-07-18 09:17:25,EMP-016
INV-0170,支払予定登録,2024-07-18 17:10:01,EMP-015
INV-0170,支払実行,2024-07-29 17:10:01,SYSTEM
INV-0171,請求書受領,2024-07-20 05:41:00,SYSTEM
INV-0171,検証割当,2024-07-20 10:07:39,EMP-015
INV-0171,検証完了,2024-07-20 14:08:31,EMP-015
INV-0171,承認,2024-07-21 03:45:03,EMP-016
INV-0171,支払予定登録,2024-07-21 09:36:39,EMP-015
INV-0171,支払実行,2024-08-09 09:36:39,SYSTEM
INV-0172,請求書受領,2024-05-12 03:02:00,SYSTEM
INV-0172,検証割当,2024-05-12 04:32:37,EMP-015
INV-0172,検証完了,2024-05-12 14:32:33,EMP-015
INV-0172,承認,2024-05-13 14:09:41,EMP-016
INV-0172,支払予定登録,2024-05-13 21:32:25,EMP-015
INV-0172,支払実行,2024-05-22 21:32:25,SYSTEM
INV-0173,請求書受領,2024-11-23 00:59:00,SYSTEM
INV-0173,検証割当,2024-11-23 02:14:53,EMP-015
INV-0173,検証完了,2024-11-23 09:42:53,EMP-015
INV-0173,承認,2024-11-24 04:13:39,EMP-016
INV-0173,支払予定登録,2024-11-24 08:34:31,EMP-015
INV-0173,支払実行,2024-11-29 08:34:31,SYSTEM
INV-0174,請求書受領,2024-12-28 15:30:00,SYSTEM
INV-0174,検証割当,2024-12-28 19:33:08,EMP-015
INV-0174,検証完了,2024-12-29 09:22:08,EMP-015
INV-0174,承認,2024-12-30 23:55:33,EMP-016
INV-0174,支払予定登録,2024-12-31 05:09:59,EMP-015
INV-0174,支払実行,2025-01-05 05:09:59,SYSTEM
INV-0175,請求書受領,2024-12-18 15:07:00,SYSTEM
INV-0175,検証割当,2024-12-18 20:05:14,EMP-015
INV-0175,検証完了,2024-12-19 11:10:40,EMP-015
INV-0175,承認,2024-12-20 21:10:43,EMP-016
INV-0175,支払予定登録,2024-12-21 01:34:56,EMP-015
INV-0175,支払実行,2025-01-15 01:34:56,SYSTEM
INV-0176,請求書受領,2024-02-16 11:34:00,SYSTEM
INV-0176,検証割当,2024-02-16 18:32:24,EMP-015
INV-0176,検証完了,2024-02-17 01:18:03,EMP-015
INV-0176,承認,2024-02-18 14:45:39,EMP-016
INV-0176,支払予定登録,2024-02-18 18:30:02,EMP-015
INV-0176,支払実行,2024-02-29 18:30:02,SYSTEM
INV-0177,請求書受領,2024-10-10 01:24:00,SYSTEM
INV-0177,検証割当,2024-10-10 07:01:30,EMP-015
INV-0177,検証完了,2024-10-10 13:12:33,EMP-015
INV-0177,承認,2024-10-10 21:54:25,EMP-016
INV-0177,支払予定登録,2024-10-11 04:02:24,EMP-015
INV-0177,支払実行,2024-10-31 04:02:24,SYSTEM
INV-0178,請求書受領,2024-11-19 14:47:00,SYSTEM
INV-0178,検証割当,2024-11-19 17:06:34,EMP-015
INV-0178,エラー検出,2024-11-19 19:36:33,EMP-015
INV-0178,ベンダー問合せ,2024-11-20 19:32:13,EMP-015
INV-0178,修正受領,2024-11-22 19:32:13,SYSTEM
INV-0178,検証完了,2024-11-22 19:32:13,EMP-015
INV-0178,承認,2024-11-23 21:03:47,EMP-016
INV-0178,支払予定登録,2024-11-23 23:26:28,EMP-015
INV-0178,支払実行,2024-12-15 23:26:28,SYSTEM
INV-0179,請求書受領,2024-06-06 15:34:00,SYSTEM
INV-0179,検証割当,2024-06-06 23:19:16,EMP-015
INV-0179,検証完了,2024-06-07 12:41:10,EMP-015
INV-0179,承認,2024-06-07 17:24:31,EMP-016
INV-0179,支払予定登録,2024-06-07 21:26:39,EMP-015
INV-0179,支払実行,2024-06-22 21:26:39,SYSTEM
INV-0180,請求書受領,2024-01-22 12:07:00,SYSTEM
INV-0180,検証割当,2024-01-22 14:35:54,EMP-015
INV-0180,検証完了,2024-01-23 01:45:08,EMP-015
INV-0180,承認,2024-01-24 23:06:58,EMP-016
INV-0180,支払予定登録,2024-01-25 06:20:14,EMP-015
INV-0180,支払実行,2024-02-16 06:20:14,SYSTEM
INV-0181,請求書受領,2024-10-23 07:59:00,SYSTEM
INV-0181,検証割当,2024-10-23 09:29:15,EMP-015
INV-0181,検証完了,2024-10-23 21:47:02,EMP-015
INV-0181,承認,2024-10-24 02:37:21,EMP-016
INV-0181,支払予定登録,2024-10-24 10:03:57,EMP-015
INV-0181,支払実行,2024-11-17 10:03:57,SYSTEM
INV-0182,請求書受領,2024-05-04 22:41:00,SYSTEM
INV-0182,検証割当,2024-05-05 00:35:49,EMP-015
INV-0182,エラー検出,2024-05-05 05:00:30,EMP-015
INV-0182,ベンダー問合せ,2024-05-05 15:09:19,EMP-015
INV-0182,修正受領,2024-05-06 15:09:19,SYSTEM
INV-0182,検証完了,2024-05-06 15:09:19,EMP-015
INV-0182,承認,2024-05-07 15:13:38,EMP-016
INV-0182,支払予定登録,2024-05-07 18:15:05,EMP-015
INV-0182,支払実行,2024-05-30 18:15:05,SYSTEM
INV-0183,請求書受領,2024-02-24 03:31:00,SYSTEM
INV-0183,検証割当,2024-02-24 08:40:53,EMP-015
INV-0183,エラー検出,2024-02-24 19:18:01,EMP-015
INV-0183,ベンダー問合せ,2024-02-25 03:21:11,EMP-015
INV-0183,修正受領,2024-02-28 03:21:11,SYSTEM
INV-0183,検証完了,2024-02-28 03:21:11,EMP-015
INV-0183,承認,2024-02-29 19:03:36,EMP-016
INV-0183,支払予定登録,2024-03-01 02:57:11,EMP-015
INV-0183,支払実行,2024-03-27 02:57:11,SYSTEM
INV-0184,請求書受領,2024-06-15 03:43:00,SYSTEM
INV-0184,検証割当,2024-06-15 08:44:54,EMP-015
INV-0184,検証完了,2024-06-15 12:40:15,EMP-015
INV-0184,承認,2024-06-17 03:34:03,EMP-016
INV-0184,支払予定登録,2024-06-17 10:09:10,EMP-015
INV-0184,支払実行,2024-07-10 10:09:10,SYSTEM
INV-0185,請求書受領,2024-06-20 02:07:00,SYSTEM
INV-0185,検証割当,2024-06-20 05:02:02,EMP-015
INV-0185,検証完了,2024-06-20 17:38:22,EMP-015
INV-0185,承認,2024-06-21 13:54:59,EMP-016
INV-0185,支払予定登録,2024-06-21 16:54:23,EMP-015
INV-0185,支払実行,2024-07-03 16:54:23,SYSTEM
INV-0186,請求書受領,2024-10-24 01:08:00,SYSTEM
INV-0186,検証割当,2024-10-24 02:49:59,EMP-015
INV-0186,検証完了,2024-10-24 16:41:46,EMP-015
INV-0186,承認,2024-10-26 06:54:48,EMP-016
INV-0186,支払予定登録,2024-10-26 09:00:25,EMP-015
INV-0186,支払実行,2024-11-15 09:00:25,SYSTEM
INV-0187,請求書受領,2024-01-04 00:11:00,SYSTEM
INV-0187,検証割当,2024-01-04 07:39:58,EMP-015
INV-0187,検証完了,2024-01-04 19:33:38,EMP-015
INV-0187,承認,2024-01-05 12:02:41,EMP-016
INV-0187,支払予定登録,2024-01-05 18:12:21,EMP-015
INV-0187,支払実行,2024-02-04 18:12:21,SYSTEM
INV-0188,請求書受領,2024-08-31 22:08:00,SYSTEM
INV-0188,検証割当,2024-09-01 00:34:35,EMP-015
INV-0188,検証完了,2024-09-01 11:32:02,EMP-015
INV-0188,承認,2024-09-02 09:39:48,EMP-016
INV-0188,支払予定登録,2024-09-02 17:17:30,EMP-015
INV-0188,支払実行,2024-09-26 17:17:30,SYSTEM
INV-0189,請求書受領,2024-01-20 19:11:00,SYSTEM
INV-0189,検証割当,2024-01-21 01:12:13,EMP-015
INV-0189,エラー検出,2024-01-21 11:46:20,EMP-015
INV-0189,ベンダー問合せ,2024-01-22 08:18:07,EMP-015
INV-0189,修正受領,2024-01-25 08:18:07,SYSTEM
INV-0189,検証完了,2024-01-25 08:18:07,EMP-015
INV-0189,承認,2024-01-26 03:36:27,EMP-016
INV-0189,支払予定登録,2024-01-26 05:38:06,EMP-015
INV-0189,支払実行,2024-02-07 05:38:06,SYSTEM
INV-0190,請求書受領,2024-03-01 16:06:00,SYSTEM
INV-0190,検証割当,2024-03-01 21:25:56,EMP-015
INV-0190,検証完了,2024-03-02 11:30:38,EMP-015
INV-0190,承認,2024-03-03 13:50:32,EMP-016
INV-0190,支払予定登録,2024-03-03 18:37:39,EMP-015
INV-0190,支払実行,2024-03-28 18:37:39,SYSTEM
INV-0191,請求書受領,2024-04-16 08:03:00,SYSTEM
INV-0191,検証割当,2024-04-16 10:24:21,EMP-015
INV-0191,検証完了,2024-04-16 23:33:31,EMP-015
INV-0191,承認,2024-04-18 22:10:33,EMP-016
INV-0191,支払予定登録,2024-04-19 03:01:20,EMP-015
INV-0191,支払実行,2024-04-29 03:01:20,SYSTEM
INV-0192,請求書受領,2024-12-09 01:03:00,SYSTEM
INV-0192,検証割当,2024-12-09 06:33:50,EMP-015
INV-0192,検証完了,2024-12-09 12:33:17,EMP-015
INV-0192,承認,2024-12-10 07:15:50,EMP-016
INV-0192,支払予定登録,2024-12-10 14:05:41,EMP-015
INV-0192,支払実行,2025-01-08 14:05:41,SYSTEM
INV-0193,請求書受領,2024-01-23 03:47:00,SYSTEM
INV-0193,検証割当,2024-01-23 05:09:01,EMP-015
INV-0193,検証完了,2024-01-23 14:40:24,EMP-015
INV-0193,承認,2024-01-23 19:57:08,EMP-016
INV-0193,支払予定登録,2024-01-24 01:02:30,EMP-015
INV-0193,支払実行,2024-01-31 01:02:30,SYSTEM
INV-0194,請求書受領,2024-04-30 23:28:00,SYSTEM
INV-0194,検証割当,2024-05-01 04:36:56,EMP-015
INV-0194,検証完了,2024-05-01 11:10:45,EMP-015
INV-0194,承認,2024-05-02 20:57:38,EMP-016
INV-0194,支払予定登録,2024-05-03 00:54:53,EMP-015
INV-0194,支払実行,2024-06-01 00:54:53,SYSTEM
INV-0195,請求書受領,2024-06-15 07:06:00,SYSTEM
INV-0195,検証割当,2024-06-15 09:45:35,EMP-015
INV-0195,検証完了,2024-06-15 17:32:10,EMP-015
INV-0195,承認,2024-06-17 12:45:22,EMP-016
INV-0195,支払予定登録,2024-06-17 15:11:50,EMP-015
INV-0195,支払実行,2024-07-10 15:11:50,SYSTEM
INV-0196,請求書受領,2024-01-28 13:09:00,SYSTEM
INV-0196,検証割当,2024-01-28 15:39:47,EMP-015
INV-0196,検証完了,2024-01-29 02:11:42,EMP-015
INV-0196,承認,2024-01-29 22:37:42,EMP-016
INV-0196,支払予定登録,2024-01-30 03:22:30,EMP-015
INV-0196,支払実行,2024-02-10 03:22:30,SYSTEM
INV-0197,請求書受領,2024-07-02 08:12:00,SYSTEM
INV-0197,検証割当,2024-07-02 11:33:04,EMP-015
INV-0197,検証完了,2024-07-02 14:00:02,EMP-015
INV-0197,承認,2024-07-03 06:20:49,EMP-016
INV-0197,支払予定登録,2024-07-03 09:00:49,EMP-015
INV-0197,支払実行,2024-07-22 09:00:49,SYSTEM
INV-0198,請求書受領,2024-08-02 05:48:00,SYSTEM
INV-0198,検証割当,2024-08-02 09:12:18,EMP-015
INV-0198,検証完了,2024-08-02 23:36:53,EMP-015
INV-0198,承認,2024-08-04 14:21:17,EMP-016
INV-0198,支払予定登録,2024-08-04 20:10:58,EMP-015
INV-0198,支払実行,2024-08-28 20:10:58,SYSTEM
INV-0199,請求書受領,2024-03-28 18:35:00,SYSTEM
INV-0199,検証割当,2024-03-29 01:34:06,EMP-015
INV-0199,検証完了,2024-03-29 04:46:44,EMP-015
INV-0199,承認,2024-03-30 06:18:15,EMP-016
INV-0199,支払予定登録,2024-03-30 14:16:42,EMP-015
INV-0199,支払実行,2024-04-22 14:16:42,SYSTEM
INV-0200,請求書受領,2024-08-24 08:00:00,SYSTEM
INV-0200,検証割当,2024-08-24 14:06:36,EMP-015
INV-0200,検証完了,2024-08-25 02:24:59,EMP-015
INV-0200,承認,2024-08-25 20:49:03,EMP-016
INV-0200,支払予定登録,2024-08-26 02:17:40,EMP-015
INV-0200,支払実行,2024-09-18 02:17:40,SYSTEM
