order_id,order_status,status_changed_at,employee_id
ORD-0001,見積作成,2024-11-23 03:01:00,EMP-001
ORD-0001,受注登録,2024-11-26 03:01:00,EMP-001
ORD-0001,与信NG,2024-11-26 06:29:09,EMP-002
ORD-0001,前払い要請,2024-11-26 12:32:09,EMP-002
ORD-0001,前払い確認,2024-12-02 12:32:09,SYSTEM
ORD-0001,出荷指示,2024-12-02 16:12:44,EMP-001
ORD-0001,ピッキング,2024-12-02 17:55:56,EMP-003
ORD-0001,梱包,2024-12-02 18:45:36,EMP-003
ORD-0001,出荷完了,2024-12-02 19:30:46,EMP-004
ORD-0001,請求書発行,2024-12-02 21:40:19,EMP-001
ORD-0001,入金確認,2024-12-23 21:40:19,SYSTEM
ORD-0001,売掛金消込,2024-12-24 03:34:52,EMP-002
ORD-0002,見積作成,2024-05-22 00:48:00,EMP-001
ORD-0002,受注登録,2024-05-24 00:48:00,EMP-001
ORD-0002,与信審査完了,2024-05-24 06:59:19,EMP-002
ORD-0002,出荷指示,2024-05-24 08:27:18,EMP-001
ORD-0002,ピッキング,2024-05-24 11:40:09,EMP-003
ORD-0002,梱包,2024-05-24 12:18:51,EMP-003
ORD-0002,出荷完了,2024-05-24 13:14:17,EMP-004
ORD-0002,請求書発行,2024-05-24 18:51:37,EMP-001
ORD-0002,入金遅延,2024-07-15 18:51:37,SYSTEM
ORD-0002,督促,2024-07-18 18:51:37,EMP-002
ORD-0002,入金確認,2024-07-21 18:51:37,SYSTEM
ORD-0002,売掛金消込,2024-07-22 02:40:20,EMP-002
ORD-0003,見積作成,2024-11-17 19:56:00,EMP-001
ORD-0003,受注登録,2024-11-20 19:56:00,EMP-001
ORD-0003,与信審査完了,2024-11-21 01:23:50,EMP-002
ORD-0003,出荷指示,2024-11-21 02:32:05,EMP-001
ORD-0003,ピッキング,2024-11-21 04:36:58,EMP-003
ORD-0003,梱包,2024-11-21 05:27:55,EMP-003
ORD-0003,出荷完了,2024-11-21 06:00:56,EMP-004
ORD-0003,請求書発行,2024-11-21 09:41:01,EMP-001
ORD-0003,入金確認,2024-12-26 09:41:01,SYSTEM
ORD-0003,売掛金消込,2024-12-26 11:49:20,EMP-002
ORD-0004,見積作成,2024-12-25 21:41:00,EMP-001
ORD-0004,受注登録,2024-12-26 21:41:00,EMP-001
ORD-0004,与信審査完了,2024-12-27 03:20:17,EMP-002
ORD-0004,出荷指示,2024-12-27 06:31:31,EMP-001
ORD-0004,ピッキング,2024-12-27 11:14:21,EMP-003
ORD-0004,梱包,2024-12-27 12:41:57,EMP-003
ORD-0004,出荷完了,2024-12-27 13:28:39,EMP-004
ORD-0004,請求書発行,2024-12-27 19:35:07,EMP-001
ORD-0004,入金確認,2025-02-06 19:35:07,SYSTEM
ORD-0004,売掛金消込,2025-02-06 20:58:36,EMP-002
ORD-0005,見積作成,2024-07-24 08:04:00,EMP-001
ORD-0005,受注登録,2024-07-26 08:04:00,EMP-001
ORD-0005,与信審査完了,2024-07-26 15:32:43,EMP-002
ORD-0005,出荷指示,2024-07-26 18:41:57,EMP-001
ORD-0005,ピッキング,2024-07-26 23:10:19,EMP-003
ORD-0005,梱包,2024-07-27 00:38:11,EMP-003
ORD-0005,出荷完了,2024-07-27 01:12:28,EMP-004
ORD-0005,請求書発行,2024-07-27 04:02:44,EMP-001
ORD-0005,入金確認,2024-09-03 04:02:44,SYSTEM
ORD-0005,売掛金消込,2024-09-03 06:53:05,EMP-002
ORD-0006,見積作成,2024-07-23 11:14:00,EMP-001
ORD-0006,受注登録,2024-07-25 11:14:00,EMP-001
ORD-0006,与信NG,2024-07-25 16:17:25,EMP-002
ORD-0006,前払い要請,2024-07-25 21:13:58,EMP-002
ORD-0006,前払い確認,2024-07-26 21:13:58,SYSTEM
ORD-0006,出荷指示,2024-07-26 22:41:28,EMP-001
ORD-0006,ピッキング,2024-07-27 02:13:13,EMP-003
ORD-0006,梱包,2024-07-27 03:17:51,EMP-003
ORD-0006,出荷完了,2024-07-27 04:05:44,EMP-004
ORD-0006,請求書発行,2024-07-27 08:54:14,EMP-001
ORD-0006,入金確認,2024-08-19 08:54:14,SYSTEM
ORD-0006,売掛金消込,2024-08-19 15:55:45,EMP-002
ORD-0007,見積作成,2024-12-15 17:48:00,EMP-001
ORD-0007,受注登録,2024-12-18 17:48:00,EMP-001
ORD-0007,与信審査完了,2024-12-19 00:24:41,EMP-002
ORD-0007,出荷指示,2024-12-19 02:17:31,EMP-001
ORD-0007,在庫不足,2024-12-19 03:01:45,EMP-003
ORD-0007,入荷待ち,2024-12-26 03:01:45,EMP-003
ORD-0007,ピッキング,2024-12-26 06:56:41,EMP-003
ORD-0007,梱包,2024-12-26 08:35:16,EMP-003
ORD-0007,出荷完了,2024-12-26 09:20:30,EMP-004
ORD-0007,請求書発行,2024-12-26 11:58:48,EMP-001
ORD-0007,入金確認,2025-01-30 11:58:48,SYSTEM
ORD-0007,売掛金消込,2025-01-30 17:27:10,EMP-002
ORD-0008,見積作成,2024-03-23 17:49:00,EMP-001
ORD-0008,受注登録,2024-03-28 17:49:00,EMP-001
ORD-0008,与信審査完了,2024-03-29 01:19:39,EMP-002
ORD-0008,出荷指示,2024-03-29 03:47:36,EMP-001
ORD-0008,ピッキング,2024-03-29 08:25:01,EMP-003
ORD-0008,梱包,2024-03-29 10:07:38,EMP-003
ORD-0008,出荷完了,2024-03-29 10:44:49,EMP-004
ORD-0008,請求書発行,2024-03-29 14:11:32,EMP-001
ORD-0008,入金確認,2024-05-01 14:11:32,SYSTEM
ORD-0008,売掛金消込,2024-05-01 15:47:30,EMP-002
ORD-0009,見積作成,2024-09-29 04:08:00,EMP-001
ORD-0009,受注登録,2024-10-03 04:08:00,EMP-001
ORD-0009,与信審査完了,2024-10-03 11:48:51,EMP-002
ORD-0009,出荷指示,2024-10-03 14:23:50,EMP-001
ORD-0009,ピッキング,2024-10-03 19:35:38,EMP-003
ORD-0009,梱包,2024-10-03 21:13:37,EMP-003
ORD-0009,出荷完了,2024-10-03 22:04:18,EMP-004
ORD-0009,請求書発行,2024-10-04 04:20:58,EMP-001
ORD-0009,入金確認,2024-10-31 04:20:58,SYSTEM
ORD-0009,売掛金消込,2024-10-31 09:53:55,EMP-002
ORD-0010,見積作成,2024-03-02 07:14:00,EMP-001
ORD-0010,受注登録,2024-03-03 07:14:00,EMP-001
ORD-0010,与信審査完了,2024-03-03 11:15:42,EMP-002
ORD-0010,出荷指示,2024-03-03 12:57:07,EMP-001
ORD-0010,在庫不足,2024-03-03 13:46:57,EMP-003
ORD-0010,入荷待ち,2024-03-06 13:46:57,EMP-003
ORD-0010,ピッキング,2024-03-06 15:28:09,EMP-003
ORD-0010,梱包,2024-03-06 17:19:38,EMP-003
ORD-0010,出荷完了,2024-03-06 18:15:26,EMP-004
ORD-0010,請求書発行,2024-03-06 20:40:56,EMP-001
ORD-0010,入金確認,2024-03-28 20:40:56,SYSTEM
ORD-0010,売掛金消込,2024-03-29 01:04:49,EMP-002
ORD-0011,見積作成,2024-10-22 15:15:00,EMP-001
ORD-0011,受注登録,2024-10-26 15:15:00,EMP-001
ORD-0011,与信審査完了,2024-10-26 22:05:41,EMP-002
ORD-0011,出荷指示,2024-10-26 23:23:08,EMP-001
ORD-0011,ピッキング,2024-10-27 02:56:00,EMP-003
ORD-0011,梱包,2024-10-27 04:31:37,EMP-003
ORD-0011,出荷完了,2024-10-27 05:21:49,EMP-004
ORD-0011,請求書発行,2024-10-27 13:16:07,EMP-001
ORD-0011,入金遅延,2024-11-24 13:16:07,SYSTEM
ORD-0011,督促,2024-11-25 13:16:07,EMP-002
ORD-0011,入金確認,2024-11-30 13:16:07,SYSTEM
ORD-0011,売掛金消込,2024-11-30 15:36:35,EMP-002
ORD-0012,見積作成,2024-04-03 08:29:00,EMP-001
ORD-0012,受注登録,2024-04-05 08:29:00,EMP-001
ORD-0012,与信NG,2024-04-05 15:43:48,EMP-002
ORD-0012,前払い要請,2024-04-06 11:53:26,EMP-002
ORD-0012,前払い確認,2024-04-13 11:53:26,SYSTEM
ORD-0012,出荷指示,2024-04-13 14:32:30,EMP-001
ORD-0012,ピッキング,2024-04-13 18:37:32,EMP-003
ORD-0012,梱包,2024-04-13 20:34:44,EMP-003
ORD-0012,出荷完了,2024-04-13 21:32:32,EMP-004
ORD-0012,請求書発行,2024-04-14 04:38:04,EMP-001
ORD-0012,入金確認,2024-05-04 04:38:04,SYSTEM
ORD-0012,売掛金消込,2024-05-04 09:00:14,EMP-002
ORD-0013,見積作成,2024-03-25 12:00:00,EMP-001
ORD-0013,受注登録,2024-03-29 12:00:00,EMP-001
ORD-0013,与信審査完了,2024-03-29 15:35:28,EMP-002
ORD-0013,出荷指示,2024-03-29 17:57:22,EMP-001
ORD-0013,ピッキング,2024-03-29 23:04:37,EMP-003
ORD-0013,梱包,2024-03-30 00:24:38,EMP-003
ORD-0013,出荷完了,2024-03-30 01:16:11,EMP-004
ORD-0013,請求書発行,2024-03-30 04:11:55,EMP-001
ORD-0013,入金確認,2024-04-23 04:11:55,SYSTEM
ORD-0013,売掛金消込,2024-04-23 05:36:28,EMP-002
ORD-0014,見積作成,2024-06-09 01:03:00,EMP-001
ORD-0014,受注登録,2024-06-14 01:03:00,EMP-001
ORD-0014,与信審査完了,2024-06-14 05:54:38,EMP-002
ORD-0014,出荷指示,2024-06-14 08:30:14,EMP-001
ORD-0014,ピッキング,2024-06-14 12:38:36,EMP-003
ORD-0014,梱包,2024-06-14 13:14:46,EMP-003
ORD-0014,出荷完了,2024-06-14 13:46:48,EMP-004
ORD-0014,請求書発行,2024-06-14 20:57:04,EMP-001
ORD-0014,入金確認,2024-07-11 20:57:04,SYSTEM
ORD-0014,売掛金消込,2024-07-12 04:10:59,EMP-002
ORD-0015,見積作成,2024-11-13 02:26:00,EMP-001
ORD-0015,受注登録,2024-11-18 02:26:00,EMP-001
ORD-0015,与信審査完了,2024-11-18 07:49:28,EMP-002
ORD-0015,出荷指示,2024-11-18 09:36:25,EMP-001
ORD-0015,ピッキング,2024-11-18 12:54:30,EMP-003
ORD-0015,梱包,2024-11-18 13:36:17,EMP-003
ORD-0015,出荷完了,2024-11-18 14:25:38,EMP-004
ORD-0015,請求書発行,2024-11-18 19:10:15,EMP-001
ORD-0015,入金確認,2025-01-01 19:10:15,SYSTEM
ORD-0015,売掛金消込,2025-01-01 20:40:43,EMP-002
ORD-0016,見積作成,2024-02-21 02:34:00,EMP-001
ORD-0016,受注登録,2024-02-23 02:34:00,EMP-001
ORD-0016,与信NG,2024-02-23 07:36:07,EMP-002
ORD-0016,前払い要請,2024-02-23 18:34:55,EMP-002
ORD-0016,前払い確認,2024-02-24 18:34:55,SYSTEM
ORD-0016,出荷指示,2024-02-24 22:13:11,EMP-001
ORD-0016,ピッキング,2024-02-25 02:46:31,EMP-003
ORD-0016,梱包,2024-02-25 04:19:50,EMP-003
ORD-0016,出荷完了,2024-02-25 05:08:11,EMP-004
ORD-0016,請求書発行,2024-02-25 13:03:36,EMP-001
ORD-0016,入金確認,2024-03-31 13:03:36,SYSTEM
ORD-0016,売掛金消込,2024-03-31 18:44:06,EMP-002
ORD-0017,見積作成,2024-02-23 04:16:00,EMP-001
ORD-0017,受注登録,2024-02-24 04:16:00,EMP-001
ORD-0017,与信審査完了,2024-02-24 11:36:17,EMP-002
ORD-0017,出荷指示,2024-02-24 13:04:16,EMP-001
ORD-0017,ピッキング,2024-02-24 16:01:21,EMP-003
ORD-0017,梱包,2024-02-24 17:33:13,EMP-003
ORD-0017,出荷完了,2024-02-24 18:28:48,EMP-004
ORD-0017,請求書発行,2024-02-24 23:30:45,EMP-001
ORD-0017,入金確認,2024-03-18 23:30:45,SYSTEM
ORD-0017,売掛金消込,2024-03-19 06:26:07,EMP-002
ORD-0018,見積作成,2024-01-23 00:21:00,EMP-001
ORD-0018,受注登録,2024-01-25 00:21:00,EMP-001
ORD-0018,与信審査完了,2024-01-25 06:10:21,EMP-002
ORD-0018,出荷指示,2024-01-25 09:23:46,EMP-001
ORD-0018,ピッキング,2024-01-25 11:45:10,EMP-003
ORD-0018,梱包,2024-01-25 12:21:56,EMP-003
ORD-0018,出荷完了,2024-01-25 13:18:26,EMP-004
ORD-0018,請求書発行,2024-01-25 20:43:51,EMP-001
ORD-0018,入金遅延,2024-03-07 20:43:51,SYSTEM
ORD-0018,督促,2024-03-10 20:43:51,EMP-002
ORD-0018,入金確認,2024-03-20 20:43:51,SYSTEM
ORD-0018,売掛金消込,2024-03-20 22:46:03,EMP-002
ORD-0019,見積作成,2024-01-21 11:13:00,EMP-001
ORD-0019,受注登録,2024-01-23 11:13:00,EMP-001
ORD-0019,与信審査完了,2024-01-23 17:13:05,EMP-002
ORD-0019,出荷指示,2024-01-23 19:53:52,EMP-001
ORD-0019,ピッキング,2024-01-24 00:57:30,EMP-003
ORD-0019,梱包,2024-01-24 02:50:49,EMP-003
ORD-0019,出荷完了,2024-01-24 03:27:55,EMP-004
ORD-0019,請求書発行,2024-01-24 06:26:25,EMP-001
ORD-0019,入金確認,2024-03-04 06:26:25,SYSTEM
ORD-0019,売掛金消込,2024-03-04 13:36:37,EMP-002
ORD-0020,見積作成,2024-07-29 21:55:00,EMP-001
ORD-0020,受注登録,2024-07-31 21:55:00,EMP-001
ORD-0020,与信審査完了,2024-08-01 01:31:03,EMP-002
ORD-0020,出荷指示,2024-08-01 02:50:30,EMP-001
ORD-0020,ピッキング,2024-08-01 06:19:02,EMP-003
ORD-0020,梱包,2024-08-01 08:02:31,EMP-003
ORD-0020,出荷完了,2024-08-01 08:46:20,EMP-004
ORD-0020,請求書発行,2024-08-01 12:36:12,EMP-001
ORD-0020,入金確認,2024-09-10 12:36:12,SYSTEM
ORD-0020,売掛金消込,2024-09-10 15:09:50,EMP-002
ORD-0021,見積作成,2024-05-22 02:49:00,EMP-001
ORD-0021,受注登録,2024-05-25 02:49:00,EMP-001
ORD-0021,与信審査完了,2024-05-25 06:55:24,EMP-002
ORD-0021,出荷指示,2024-05-25 09:57:43,EMP-001
ORD-0021,ピッキング,2024-05-25 12:48:37,EMP-003
ORD-0021,梱包,2024-05-25 14:37:33,EMP-003
ORD-0021,出荷完了,2024-05-25 15:15:23,EMP-004
ORD-0021,請求書発行,2024-05-25 20:44:24,EMP-001
ORD-0021,入金遅延,2024-07-01 20:44:24,SYSTEM
ORD-0021,督促,2024-07-03 20:44:24,EMP-002
ORD-0021,入金確認,2024-07-10 20:44:24,SYSTEM
ORD-0021,売掛金消込,2024-07-11 02:50:23,EMP-002
ORD-0022,見積作成,2024-02-29 12:57:00,EMP-001
ORD-0022,受注登録,2024-03-05 12:57:00,EMP-001
ORD-0022,与信NG,2024-03-05 16:05:25,EMP-002
ORD-0022,前払い要請,2024-03-06 04:48:41,EMP-002
ORD-0022,前払い確認,2024-03-11 04:48:41,SYSTEM
ORD-0022,出荷指示,2024-03-11 08:35:18,EMP-001
ORD-0022,ピッキング,2024-03-11 13:07:18,EMP-003
ORD-0022,梱包,2024-03-11 14:37:40,EMP-003
ORD-0022,出荷完了,2024-03-11 15:18:35,EMP-004
ORD-0022,請求書発行,2024-03-11 17:43:47,EMP-001
ORD-0022,入金確認,2024-04-16 17:43:47,SYSTEM
ORD-0022,売掛金消込,2024-04-16 23:05:30,EMP-002
ORD-0023,見積作成,2024-06-02 16:19:00,EMP-001
ORD-0023,受注登録,2024-06-06 16:19:00,EMP-001
ORD-0023,与信審査完了,2024-06-06 20:16:25,EMP-002
ORD-0023,出荷指示,2024-06-06 22:56:13,EMP-001
ORD-0023,ピッキング,2024-06-07 01:51:43,EMP-003
ORD-0023,梱包,2024-06-07 03:29:03,EMP-003
ORD-0023,出荷完了,2024-06-07 04:04:17,EMP-004
ORD-0023,請求書発行,2024-06-07 09:29:09,EMP-001
ORD-0023,入金確認,2024-07-04 09:29:09,SYSTEM
ORD-0023,売掛金消込,2024-07-04 10:29:19,EMP-002
ORD-0024,見積作成,2024-11-06 20:20:00,EMP-001
ORD-0024,受注登録,2024-11-10 20:20:00,EMP-001
ORD-0024,与信審査完了,2024-11-11 00:59:02,EMP-002
ORD-0024,出荷指示,2024-11-11 03:31:03,EMP-001
ORD-0024,ピッキング,2024-11-11 08:24:57,EMP-003
ORD-0024,梱包,2024-11-11 09:54:15,EMP-003
ORD-0024,出荷完了,2024-11-11 10:32:46,EMP-004
ORD-0024,請求書発行,2024-11-11 16:31:45,EMP-001
ORD-0024,入金確認,2024-12-15 16:31:45,SYSTEM
ORD-0024,売掛金消込,2024-12-15 23:15:29,EMP-002
ORD-0025,見積作成,2024-04-25 06:09:00,EMP-001
ORD-0025,受注登録,2024-04-26 06:09:00,EMP-001
ORD-0025,与信審査完了,2024-04-26 08:25:38,EMP-002
ORD-0025,出荷指示,2024-04-26 11:15:39,EMP-001
ORD-0025,ピッキング,2024-04-26 16:34:20,EMP-003
ORD-0025,梱包,2024-04-26 17:56:08,EMP-003
ORD-0025,出荷完了,2024-04-26 18:47:41,EMP-004
ORD-0025,請求書発行,2024-04-26 23:05:55,EMP-001
ORD-0025,入金確認,2024-05-23 23:05:55,SYSTEM
ORD-0025,売掛金消込,2024-05-24 04:41:28,EMP-002
ORD-0026,見積作成,2024-02-24 13:14:00,EMP-001
ORD-0026,受注登録,2024-02-26 13:14:00,EMP-001
ORD-0026,与信審査完了,2024-02-26 20:03:28,EMP-002
ORD-0026,出荷指示,2024-02-26 22:27:05,EMP-001
ORD-0026,ピッキング,2024-02-27 01:09:06,EMP-003
ORD-0026,梱包,2024-02-27 01:51:06,EMP-003
ORD-0026,出荷完了,2024-02-27 02:35:02,EMP-004
ORD-0026,請求書発行,2024-02-27 07:46:15,EMP-001
ORD-0026,入金確認,2024-03-30 07:46:15,SYSTEM
ORD-0026,売掛金消込,2024-03-30 15:25:16,EMP-002
ORD-0027,見積作成,2024-09-15 13:53:00,EMP-001
ORD-0027,受注登録,2024-09-20 13:53:00,EMP-001
ORD-0027,与信審査完了,2024-09-20 18:33:31,EMP-002
ORD-0027,出荷指示,2024-09-20 22:08:35,EMP-001
ORD-0027,ピッキング,2024-09-21 02:50:16,EMP-003
ORD-0027,梱包,2024-09-21 03:45:14,EMP-003
ORD-0027,出荷完了,2024-09-21 04:38:34,EMP-004
ORD-0027,請求書発行,2024-09-21 09:33:01,EMP-001
ORD-0027,入金確認,2024-10-13 09:33:01,SYSTEM
ORD-0027,売掛金消込,2024-10-13 11:05:33,EMP-002
ORD-0028,見積作成,2024-06-12 17:05:00,EMP-001
ORD-0028,受注登録,2024-06-14 17:05:00,EMP-001
ORD-0028,与信審査完了,2024-06-14 19:59:17,EMP-002
ORD-0028,出荷指示,2024-06-14 21:26:48,EMP-001
ORD-0028,ピッキング,2024-06-15 00:15:37,EMP-003
ORD-0028,梱包,2024-06-15 01:27:33,EMP-003
ORD-0028,出荷完了,2024-06-15 01:59:25,EMP-004
ORD-0028,請求書発行,2024-06-15 08:59:15,EMP-001
ORD-0028,入金確認,2024-07-12 08:59:15,SYSTEM
ORD-0028,売掛金消込,2024-07-12 14:04:34,EMP-002
ORD-0029,見積作成,2024-10-21 12:30:00,EMP-001
ORD-0029,受注登録,2024-10-22 12:30:00,EMP-001
ORD-0029,与信審査完了,2024-10-22 20:09:23,EMP-002
ORD-0029,出荷指示,2024-10-22 22:19:35,EMP-001
ORD-0029,ピッキング,2024-10-23 02:46:42,EMP-003
ORD-0029,梱包,2024-10-23 04:22:49,EMP-003
ORD-0029,出荷完了,2024-10-23 05:16:49,EMP-004
ORD-0029,請求書発行,2024-10-23 12:40:02,EMP-001
ORD-0029,入金確認,2024-11-22 12:40:02,SYSTEM
ORD-0029,売掛金消込,2024-11-22 16:43:05,EMP-002
ORD-0030,見積作成,2024-12-13 12:46:00,EMP-001
ORD-0030,受注登録,2024-12-15 12:46:00,EMP-001
ORD-0030,与信審査完了,2024-12-15 19:48:34,EMP-002
ORD-0030,出荷指示,2024-12-15 23:45:06,EMP-001
ORD-0030,ピッキング,2024-12-16 03:49:43,EMP-003
ORD-0030,梱包,2024-12-16 05:19:23,EMP-003
ORD-0030,出荷完了,2024-12-16 05:51:54,EMP-004
ORD-0030,請求書発行,2024-12-16 10:26:12,EMP-001
ORD-0030,入金確認,2025-01-27 10:26:12,SYSTEM
ORD-0030,売掛金消込,2025-01-27 11:47:19,EMP-002
ORD-0031,見積作成,2024-06-16 10:48:00,EMP-001
ORD-0031,受注登録,2024-06-20 10:48:00,EMP-001
ORD-0031,与信審査完了,2024-06-20 14:28:10,EMP-002
ORD-0031,出荷指示,2024-06-20 16:44:03,EMP-001
ORD-0031,ピッキング,2024-06-20 21:44:01,EMP-003
ORD-0031,梱包,2024-06-20 22:18:42,EMP-003
ORD-0031,出荷完了,2024-06-20 23:17:15,EMP-004
ORD-0031,請求書発行,2024-06-21 02:37:59,EMP-001
ORD-0031,入金確認,2024-07-08 02:37:59,SYSTEM
ORD-0031,売掛金消込,2024-07-08 08:11:43,EMP-002
ORD-0032,見積作成,2024-04-12 00:39:00,EMP-001
ORD-0032,受注登録,2024-04-14 00:39:00,EMP-001
ORD-0032,与信審査完了,2024-04-14 04:04:52,EMP-002
ORD-0032,出荷指示,2024-04-14 05:25:27,EMP-001
ORD-0032,ピッキング,2024-04-14 09:06:53,EMP-003
ORD-0032,梱包,2024-04-14 10:10:05,EMP-003
ORD-0032,出荷完了,2024-04-14 10:58:15,EMP-004
ORD-0032,請求書発行,2024-04-14 18:45:12,EMP-001
ORD-0032,入金確認,2024-05-21 18:45:12,SYSTEM
ORD-0032,売掛金消込,2024-05-22 01:29:18,EMP-002
ORD-0033,見積作成,2024-06-08 18:43:00,EMP-001
ORD-0033,受注登録,2024-06-12 18:43:00,EMP-001
ORD-0033,与信審査完了,2024-06-12 23:05:47,EMP-002
ORD-0033,出荷指示,2024-06-13 00:19:28,EMP-001
ORD-0033,ピッキング,2024-06-13 03:09:58,EMP-003
ORD-0033,梱包,2024-06-13 04:49:29,EMP-003
ORD-0033,出荷完了,2024-06-13 05:45:00,EMP-004
ORD-0033,請求書発行,2024-06-13 11:21:09,EMP-001
ORD-0033,入金確認,2024-07-01 11:21:09,SYSTEM
ORD-0033,売掛金消込,2024-07-01 16:18:50,EMP-002
ORD-0034,見積作成,2024-12-04 11:04:00,EMP-001
ORD-0034,受注登録,2024-12-09 11:04:00,EMP-001
ORD-0034,与信NG,2024-12-09 16:57:06,EMP-002
ORD-0034,前払い要請,2024-12-10 05:21:11,EMP-002
ORD-0034,前払い確認,2024-12-14 05:21:11,SYSTEM
ORD-0034,出荷指示,2024-12-14 06:40:10,EMP-001
ORD-0034,ピッキング,2024-12-14 12:05:49,EMP-003
ORD-0034,梱包,2024-12-14 13:39:28,EMP-003
ORD-0034,出荷完了,2024-12-14 14:22:32,EMP-004
ORD-0034,請求書発行,2024-12-14 20:46:42,EMP-001
ORD-0034,入金確認,2025-01-28 20:46:42,SYSTEM
ORD-0034,売掛金消込,2025-01-29 02:05:23,EMP-002
ORD-0035,見積作成,2024-08-26 13:52:00,EMP-001
ORD-0035,受注登録,2024-08-31 13:52:00,EMP-001
ORD-0035,与信審査完了,2024-08-31 17:28:37,EMP-002
ORD-0035,出荷指示,2024-08-31 20:58:09,EMP-001
ORD-0035,ピッキング,2024-08-31 23:19:50,EMP-003
ORD-0035,梱包,2024-09-01 00:31:40,EMP-003
ORD-0035,出荷完了,2024-09-01 01:19:58,EMP-004
ORD-0035,請求書発行,2024-09-01 05:36:25,EMP-001
ORD-0035,入金確認,2024-09-16 05:36:25,SYSTEM
ORD-0035,売掛金消込,2024-09-16 08:52:55,EMP-002
ORD-0036,見積作成,2024-06-23 08:56:00,EMP-001
ORD-0036,受注登録,2024-06-28 08:56:00,EMP-001
ORD-0036,与信審査完了,2024-06-28 15:08:25,EMP-002
ORD-0036,出荷指示,2024-06-28 16:10:15,EMP-001
ORD-0036,ピッキング,2024-06-28 21:15:11,EMP-003
ORD-0036,梱包,2024-06-28 22:29:09,EMP-003
ORD-0036,出荷完了,2024-06-28 23:21:54,EMP-004
ORD-0036,請求書発行,2024-06-29 05:30:31,EMP-001
ORD-0036,入金確認,2024-08-03 05:30:31,SYSTEM
ORD-0036,売掛金消込,2024-08-03 09:38:45,EMP-002
ORD-0037,見積作成,2024-07-26 22:15:00,EMP-001
ORD-0037,受注登録,2024-07-29 22:15:00,EMP-001
ORD-0037,与信審査完了,2024-07-30 04:14:01,EMP-002
ORD-0037,出荷指示,2024-07-30 06:53:39,EMP-001
ORD-0037,ピッキング,2024-07-30 10:33:39,EMP-003
ORD-0037,梱包,2024-07-30 11:35:19,EMP-003
ORD-0037,出荷完了,2024-07-30 12:18:56,EMP-004
ORD-0037,請求書発行,2024-07-30 16:09:19,EMP-001
ORD-0037,入金確認,2024-08-21 16:09:19,SYSTEM
ORD-0037,売掛金消込,2024-08-21 18:30:12,EMP-002
ORD-0038,見積作成,2024-12-19 05:12:00,EMP-001
ORD-0038,受注登録,2024-12-21 05:12:00,EMP-001
ORD-0038,与信審査完了,2024-12-21 11:37:53,EMP-002
ORD-0038,出荷指示,2024-12-21 14:24:01,EMP-001
ORD-0038,ピッキング,2024-12-21 19:58:56,EMP-003
ORD-0038,梱包,2024-12-21 21:43:52,EMP-003
ORD-0038,出荷完了,2024-12-21 22:22:45,EMP-004
ORD-0038,請求書発行,2024-12-22 02:32:40,EMP-001
ORD-0038,入金遅延,2025-01-28 02:32:40,SYSTEM
ORD-0038,督促,2025-01-29 02:32:40,EMP-002
ORD-0038,入金確認,2025-02-04 02:32:40,SYSTEM
ORD-0038,売掛金消込,2025-02-04 03:51:47,EMP-002
ORD-0039,見積作成,2024-03-05 20:55:00,EMP-001
ORD-0039,受注登録,2024-03-09 20:55:00,EMP-001
ORD-0039,与信NG,2024-03-09 23:31:55,EMP-002
ORD-0039,前払い要請,2024-03-10 09:13:08,EMP-002
ORD-0039,前払い確認,2024-03-14 09:13:08,SYSTEM
ORD-0039,出荷指示,2024-03-14 11:32:25,EMP-001
ORD-0039,在庫不足,2024-03-14 12:19:00,EMP-003
ORD-0039,入荷待ち,2024-03-24 12:19:00,EMP-003
ORD-0039,ピッキング,2024-03-24 13:39:33,EMP-003
ORD-0039,梱包,2024-03-24 14:15:25,EMP-003
ORD-0039,出荷完了,2024-03-24 15:00:11,EMP-004
ORD-0039,請求書発行,2024-03-24 20:27:54,EMP-001
ORD-0039,入金遅延,2024-05-06 20:27:54,SYSTEM
ORD-0039,督促,2024-05-09 20:27:54,EMP-002
ORD-0039,入金確認,2024-05-15 20:27:54,SYSTEM
ORD-0039,売掛金消込,2024-05-15 22:03:41,EMP-002
ORD-0040,見積作成,2024-08-01 19:38:00,EMP-001
ORD-0040,受注登録,2024-08-06 19:38:00,EMP-001
ORD-0040,与信審査完了,2024-08-06 22:59:14,EMP-002
ORD-0040,出荷指示,2024-08-07 01:20:20,EMP-001
ORD-0040,ピッキング,2024-08-07 06:28:23,EMP-003
ORD-0040,梱包,2024-08-07 07:25:52,EMP-003
ORD-0040,出荷完了,2024-08-07 08:14:30,EMP-004
ORD-0040,請求書発行,2024-08-07 13:53:58,EMP-001
ORD-0040,入金遅延,2024-09-22 13:53:58,SYSTEM
ORD-0040,督促,2024-09-25 13:53:58,EMP-002
ORD-0040,入金確認,2024-09-30 13:53:58,SYSTEM
ORD-0040,売掛金消込,2024-09-30 16:45:07,EMP-002
ORD-0041,見積作成,2024-10-09 02:10:00,EMP-001
ORD-0041,受注登録,2024-10-10 02:10:00,EMP-001
ORD-0041,与信審査完了,2024-10-10 06:37:03,EMP-002
ORD-0041,出荷指示,2024-10-10 09:01:39,EMP-001
ORD-0041,ピッキング,2024-10-10 11:25:28,EMP-003
ORD-0041,梱包,2024-10-10 13:12:50,EMP-003
ORD-0041,出荷完了,2024-10-10 13:44:58,EMP-004
ORD-0041,請求書発行,2024-10-10 17:09:00,EMP-001
ORD-0041,入金確認,2024-11-02 17:09:00,SYSTEM
ORD-0041,売掛金消込,2024-11-02 22:31:32,EMP-002
ORD-0042,見積作成,2024-08-05 03:34:00,EMP-001
ORD-0042,受注登録,2024-08-07 03:34:00,EMP-001
ORD-0042,与信審査完了,2024-08-07 09:27:08,EMP-002
ORD-0042,出荷指示,2024-08-07 12:55:56,EMP-001
ORD-0042,ピッキング,2024-08-07 15:27:44,EMP-003
ORD-0042,梱包,2024-08-07 17:05:08,EMP-003
ORD-0042,出荷完了,2024-08-07 17:52:13,EMP-004
ORD-0042,請求書発行,2024-08-07 21:36:07,EMP-001
ORD-0042,入金確認,2024-08-25 21:36:07,SYSTEM
ORD-0042,売掛金消込,2024-08-26 00:43:50,EMP-002
ORD-0043,見積作成,2024-10-03 15:28:00,EMP-001
ORD-0043,受注登録,2024-10-04 15:28:00,EMP-001
ORD-0043,与信審査完了,2024-10-04 21:03:17,EMP-002
ORD-0043,出荷指示,2024-10-05 00:15:30,EMP-001
ORD-0043,在庫不足,2024-10-05 01:39:50,EMP-003
ORD-0043,入荷待ち,2024-10-11 01:39:50,EMP-003
ORD-0043,ピッキング,2024-10-11 05:32:59,EMP-003
ORD-0043,梱包,2024-10-11 07:18:13,EMP-003
ORD-0043,出荷完了,2024-10-11 08:05:28,EMP-004
ORD-0043,請求書発行,2024-10-11 15:47:45,EMP-001
ORD-0043,入金確認,2024-11-19 15:47:45,SYSTEM
ORD-0043,売掛金消込,2024-11-19 18:40:57,EMP-002
ORD-0044,見積作成,2024-08-28 16:41:00,EMP-001
ORD-0044,受注登録,2024-09-01 16:41:00,EMP-001
ORD-0044,与信審査完了,2024-09-02 00:10:47,EMP-002
ORD-0044,出荷指示,2024-09-02 02:56:08,EMP-001
ORD-0044,ピッキング,2024-09-02 05:39:41,EMP-003
ORD-0044,梱包,2024-09-02 06:41:00,EMP-003
ORD-0044,出荷完了,2024-09-02 07:21:00,EMP-004
ORD-0044,請求書発行,2024-09-02 13:22:15,EMP-001
ORD-0044,入金確認,2024-10-14 13:22:15,SYSTEM
ORD-0044,売掛金消込,2024-10-14 17:15:09,EMP-002
ORD-0045,見積作成,2024-10-08 01:29:00,EMP-001
ORD-0045,受注登録,2024-10-09 01:29:00,EMP-001
ORD-0045,与信審査完了,2024-10-09 05:22:13,EMP-002
ORD-0045,出荷指示,2024-10-09 09:16:51,EMP-001
ORD-0045,ピッキング,2024-10-09 14:21:05,EMP-003
ORD-0045,梱包,2024-10-09 15:50:17,EMP-003
ORD-0045,出荷完了,2024-10-09 16:36:33,EMP-004
ORD-0045,請求書発行,2024-10-09 21:05:19,EMP-001
ORD-0045,入金確認,2024-10-30 21:05:19,SYSTEM
ORD-0045,売掛金消込,2024-10-31 02:26:50,EMP-002
ORD-0046,見積作成,2024-01-27 06:17:00,EMP-001
ORD-0046,受注登録,2024-02-01 06:17:00,EMP-001
ORD-0046,与信審査完了,2024-02-01 09:04:09,EMP-002
ORD-0046,出荷指示,2024-02-01 12:42:43,EMP-001
ORD-0046,在庫不足,2024-02-01 13:56:20,EMP-003
ORD-0046,入荷待ち,2024-02-07 13:56:20,EMP-003
ORD-0046,ピッキング,2024-02-07 17:04:06,EMP-003
ORD-0046,梱包,2024-02-07 18:02:04,EMP-003
ORD-0046,出荷完了,2024-02-07 18:32:28,EMP-004
ORD-0046,請求書発行,2024-02-07 22:59:21,EMP-001
ORD-0046,入金確認,2024-02-29 22:59:21,SYSTEM
ORD-0046,売掛金消込,2024-03-01 06:22:47,EMP-002
ORD-0047,見積作成,2024-03-19 15:59:00,EMP-001
ORD-0047,受注登録,2024-03-22 15:59:00,EMP-001
ORD-0047,与信審査完了,2024-03-22 21:02:11,EMP-002
ORD-0047,出荷指示,2024-03-23 00:32:26,EMP-001
ORD-0047,ピッキング,2024-03-23 05:09:53,EMP-003
ORD-0047,梱包,2024-03-23 06:14:25,EMP-003
ORD-0047,出荷完了,2024-03-23 07:12:04,EMP-004
ORD-0047,請求書発行,2024-03-23 12:15:02,EMP-001
ORD-0047,入金確認,2024-05-05 12:15:02,SYSTEM
ORD-0047,売掛金消込,2024-05-05 13:44:21,EMP-002
ORD-0048,見積作成,2024-06-23 16:17:00,EMP-001
ORD-0048,受注登録,2024-06-24 16:17:00,EMP-001
ORD-0048,与信審査完了,2024-06-24 19:58:49,EMP-002
ORD-0048,出荷指示,2024-06-24 22:44:28,EMP-001
ORD-0048,ピッキング,2024-06-25 02:11:07,EMP-003
ORD-0048,梱包,2024-06-25 03:29:35,EMP-003
ORD-0048,出荷完了,2024-06-25 04:09:56,EMP-004
ORD-0048,請求書発行,2024-06-25 09:28:38,EMP-001
ORD-0048,入金確認,2024-07-27 09:28:38,SYSTEM
ORD-0048,売掛金消込,2024-07-27 17:00:26,EMP-002
ORD-0049,見積作成,2024-05-02 18:24:00,EMP-001
ORD-0049,受注登録,2024-05-04 18:24:00,EMP-001
ORD-0049,与信審査完了,2024-05-05 01:32:09,EMP-002
ORD-0049,出荷指示,2024-05-05 03:29:26,EMP-001
ORD-0049,ピッキング,2024-05-05 06:50:37,EMP-003
ORD-0049,梱包,2024-05-05 08:49:34,EMP-003
ORD-0049,出荷完了,2024-05-05 09:43:21,EMP-004
ORD-0049,請求書発行,2024-05-05 15:38:04,EMP-001
ORD-0049,入金確認,2024-05-24 15:38:04,SYSTEM
ORD-0049,売掛金消込,2024-05-24 16:53:37,EMP-002
ORD-0050,見積作成,2024-02-21 14:06:00,EMP-001
ORD-0050,受注登録,2024-02-26 14:06:00,EMP-001
ORD-0050,与信NG,2024-02-26 21:33:45,EMP-002
ORD-0050,前払い要請,2024-02-27 04:26:44,EMP-002
ORD-0050,前払い確認,2024-03-05 04:26:44,SYSTEM
ORD-0050,出荷指示,2024-03-05 07:24:36,EMP-001
ORD-0050,ピッキング,2024-03-05 12:02:57,EMP-003
ORD-0050,梱包,2024-03-05 13:03:25,EMP-003
ORD-0050,出荷完了,2024-03-05 13:54:12,EMP-004
ORD-0050,請求書発行,2024-03-05 19:48:08,EMP-001
ORD-0050,入金確認,2024-04-16 19:48:08,SYSTEM
ORD-0050,売掛金消込,2024-04-17 01:31:22,EMP-002
