bill_id,bill_status,status_changed_at,employee_id
BILL-0001,請求書作成,2024-02-23 09:26:00,EMP-015
BILL-0001,承認申請,2024-02-24 07:50:39,EMP-015
BILL-0001,承認完了,2024-02-24 19:16:42,EMP-016
BILL-0001,送付,2024-02-25 01:39:33,EMP-015
BILL-0001,入金確認,2024-03-28 01:39:33,SYSTEM
BILL-0002,請求書作成,2024-06-24 14:50:00,EMP-015
BILL-0002,承認申請,2024-06-24 22:58:14,EMP-015
BILL-0002,承認完了,2024-06-26 02:17:15,EMP-016
BILL-0002,送付,2024-06-26 06:55:00,EMP-015
BILL-0002,入金確認,2024-08-19 06:55:00,SYSTEM
BILL-0003,請求書作成,2024-06-12 02:19:00,EMP-015
BILL-0003,承認申請,2024-06-12 07:12:37,EMP-015
BILL-0003,差戻,2024-06-13 19:38:29,EMP-016
BILL-0003,修正,2024-06-14 03:45:30,EMP-015
BILL-0003,再申請,2024-06-14 06:24:52,EMP-015
BILL-0003,承認完了,2024-06-15 03:12:55,EMP-016
BILL-0003,送付,2024-06-15 10:47:41,EMP-015
BILL-0003,入金確認,2024-08-11 10:47:41,SYSTEM
BILL-0004,請求書作成,2024-09-21 05:35:00,EMP-015
BILL-0004,承認申請,2024-09-21 12:47:09,EMP-015
BILL-0004,承認完了,2024-09-22 19:10:48,EMP-016
BILL-0004,送付,2024-09-22 22:34:16,EMP-015
BILL-0004,入金確認,2024-10-27 22:34:16,SYSTEM
BILL-0005,請求書作成,2024-04-05 20:42:00,EMP-015
BILL-0005,承認申請,2024-04-06 09:20:33,EMP-015
BILL-0005,承認完了,2024-04-06 18:30:37,EMP-016
BILL-0005,送付,2024-04-06 21:41:39,EMP-015
BILL-0005,入金確認,2024-05-23 21:41:39,SYSTEM
BILL-0006,請求書作成,2024-07-18 00:45:00,EMP-015
BILL-0006,承認申請,2024-07-18 09:02:45,EMP-015
BILL-0006,承認完了,2024-07-19 04:10:46,EMP-016
BILL-0006,送付,2024-07-19 10:57:20,EMP-015
BILL-0006,入金確認,2024-09-03 10:57:20,SYSTEM
BILL-0007,請求書作成,2024-10-01 05:23:00,EMP-015
BILL-0007,承認申請,2024-10-01 15:54:10,EMP-015
BILL-0007,承認完了,2024-10-02 18:12:18,EMP-016
BILL-0007,送付,2024-10-03 01:22:51,EMP-015
BILL-0007,入金確認,2024-11-15 01:22:51,SYSTEM
BILL-0008,請求書作成,2024-11-01 12:39:00,EMP-015
BILL-0008,承認申請,2024-11-02 00:30:03,EMP-015
BILL-0008,承認完了,2024-11-02 13:04:12,EMP-016
BILL-0008,送付,2024-11-02 17:49:02,EMP-015
BILL-0008,入金確認,2024-11-23 17:49:02,SYSTEM
BILL-0009,請求書作成,2024-11-10 18:05:00,EMP-015
BILL-0009,承認申請,2024-11-11 11:31:31,EMP-015
BILL-0009,承認完了,2024-11-12 08:03:10,EMP-016
BILL-0009,送付,2024-11-12 10:45:16,EMP-015
BILL-0009,入金確認,2024-12-15 10:45:16,SYSTEM
BILL-0010,請求書作成,2024-09-18 12:26:00,EMP-015
BILL-0010,承認申請,2024-09-19 04:21:42,EMP-015
BILL-0010,承認完了,2024-09-20 11:21:14,EMP-016
BILL-0010,送付,2024-09-20 16:16:26,EMP-015
BILL-0010,入金確認,2024-11-03 16:16:26,SYSTEM
BILL-0011,請求書作成,2024-10-11 05:31:00,EMP-015
BILL-0011,承認申請,2024-10-11 15:17:36,EMP-015
BILL-0011,承認完了,2024-10-12 06:46:38,EMP-016
BILL-0011,送付,2024-10-12 12:29:37,EMP-015
BILL-0011,入金確認,2024-11-13 12:29:37,SYSTEM
BILL-0012,請求書作成,2024-09-05 04:12:00,EMP-015
BILL-0012,承認申請,2024-09-06 00:30:15,EMP-015
BILL-0012,承認完了,2024-09-07 23:03:26,EMP-016
BILL-0012,送付,2024-09-08 04:01:38,EMP-015
BILL-0012,入金確認,2024-10-31 04:01:38,SYSTEM
BILL-0013,請求書作成,2024-07-31 22:53:00,EMP-015
BILL-0013,承認申請,2024-08-01 11:45:37,EMP-015
BILL-0013,承認完了,2024-08-02 02:27:01,EMP-016
BILL-0013,送付,2024-08-02 09:13:32,EMP-015
BILL-0013,入金確認,2024-08-26 09:13:32,SYSTEM
BILL-0014,請求書作成,2024-01-17 08:14:00,EMP-015
BILL-0014,承認申請,2024-01-17 22:59:07,EMP-015
BILL-0014,承認完了,2024-01-18 13:42:49,EMP-016
BILL-0014,送付,2024-01-18 20:10:08,EMP-015
BILL-0014,入金確認,2024-03-17 20:10:08,SYSTEM
BILL-0015,請求書作成,2024-10-08 16:07:00,EMP-015
BILL-0015,承認申請,2024-10-09 07:34:15,EMP-015
BILL-0015,承認完了,2024-10-10 02:17:11,EMP-016
BILL-0015,送付,2024-10-10 10:13:54,EMP-015
BILL-0015,入金確認,2024-11-23 10:13:54,SYSTEM
BILL-0016,請求書作成,2024-08-13 17:13:00,EMP-015
BILL-0016,承認申請,2024-08-14 17:00:43,EMP-015
BILL-0016,承認完了,2024-08-15 05:06:31,EMP-016
BILL-0016,送付,2024-08-15 11:37:00,EMP-015
BILL-0016,入金確認,2024-09-13 11:37:00,SYSTEM
BILL-0017,請求書作成,2024-08-18 08:22:00,EMP-015
BILL-0017,承認申請,2024-08-19 05:36:38,EMP-015
BILL-0017,承認完了,2024-08-19 17:05:23,EMP-016
BILL-0017,送付,2024-08-19 19:47:39,EMP-015
BILL-0017,入金確認,2024-09-13 19:47:39,SYSTEM
BILL-0018,請求書作成,2024-10-28 22:22:00,EMP-015
BILL-0018,承認申請,2024-10-29 19:35:15,EMP-015
BILL-0018,承認完了,2024-10-31 03:59:53,EMP-016
BILL-0018,送付,2024-10-31 09:41:42,EMP-015
BILL-0018,入金確認,2024-12-30 09:41:42,SYSTEM
BILL-0019,請求書作成,2024-04-15 01:36:00,EMP-015
BILL-0019,承認申請,2024-04-15 12:36:58,EMP-015
BILL-0019,承認完了,2024-04-16 07:51:34,EMP-016
BILL-0019,送付,2024-04-16 11:48:05,EMP-015
BILL-0019,入金確認,2024-06-10 11:48:05,SYSTEM
BILL-0020,請求書作成,2024-05-28 18:17:00,EMP-015
BILL-0020,承認申請,2024-05-29 17:19:52,EMP-015
BILL-0020,承認完了,2024-05-30 21:54:28,EMP-016
BILL-0020,送付,2024-05-31 04:47:56,EMP-015
BILL-0020,入金確認,2024-06-18 04:47:56,SYSTEM
BILL-0021,請求書作成,2024-01-31 08:55:00,EMP-015
BILL-0021,承認申請,2024-02-01 02:02:04,EMP-015
BILL-0021,差戻,2024-02-02 14:05:29,EMP-016
BILL-0021,修正,2024-02-02 19:50:47,EMP-015
BILL-0021,再申請,2024-02-02 23:46:44,EMP-015
BILL-0021,承認完了,2024-02-03 11:44:24,EMP-016
BILL-0021,送付,2024-02-03 18:48:04,EMP-015
BILL-0021,入金確認,2024-03-09 18:48:04,SYSTEM
BILL-0022,請求書作成,2024-03-13 18:40:00,EMP-015
BILL-0022,承認申請,2024-03-14 04:02:27,EMP-015
BILL-0022,承認完了,2024-03-15 04:36:36,EMP-016
BILL-0022,送付,2024-03-15 10:24:42,EMP-015
BILL-0022,入金確認,2024-05-13 10:24:42,SYSTEM
BILL-0023,請求書作成,2024-07-25 16:47:00,EMP-015
BILL-0023,承認申請,2024-07-26 02:20:52,EMP-015
BILL-0023,承認完了,2024-07-27 23:48:04,EMP-016
BILL-0023,送付,2024-07-28 07:30:10,EMP-015
BILL-0023,入金確認,2024-08-27 07:30:10,SYSTEM
BILL-0024,請求書作成,2024-01-02 23:05:00,EMP-015
BILL-0024,承認申請,2024-01-03 17:42:07,EMP-015
BILL-0024,承認完了,2024-01-04 20:02:23,EMP-016
BILL-0024,送付,2024-01-05 00:11:21,EMP-015
BILL-0024,入金確認,2024-01-19 00:11:21,SYSTEM
BILL-0025,請求書作成,2024-07-22 06:27:00,EMP-015
BILL-0025,承認申請,2024-07-23 02:56:49,EMP-015
BILL-0025,承認完了,2024-07-24 06:44:07,EMP-016
BILL-0025,送付,2024-07-24 10:26:13,EMP-015
BILL-0025,入金確認,2024-09-07 10:26:13,SYSTEM
BILL-0026,請求書作成,2024-03-07 18:54:00,EMP-015
BILL-0026,承認申請,2024-03-08 08:36:24,EMP-015
BILL-0026,承認完了,2024-03-09 06:21:22,EMP-016
BILL-0026,送付,2024-03-09 08:38:48,EMP-015
BILL-0026,入金確認,2024-03-25 08:38:48,SYSTEM
BILL-0027,請求書作成,2024-01-09 03:59:00,EMP-015
BILL-0027,承認申請,2024-01-10 01:08:10,EMP-015
BILL-0027,差戻,2024-01-11 02:47:16,EMP-016
BILL-0027,修正,2024-01-11 18:17:03,EMP-015
BILL-0027,再申請,2024-01-11 21:29:53,EMP-015
BILL-0027,承認完了,2024-01-12 16:30:56,EMP-016
BILL-0027,送付,2024-01-12 19:18:25,EMP-015
BILL-0027,入金確認,2024-03-03 19:18:25,SYSTEM
BILL-0028,請求書作成,2024-03-22 08:05:00,EMP-015
BILL-0028,承認申請,2024-03-23 01:10:30,EMP-015
BILL-0028,承認完了,2024-03-23 19:11:26,EMP-016
BILL-0028,送付,2024-03-24 02:36:48,EMP-015
BILL-0028,入金確認,2024-04-13 02:36:48,SYSTEM
BILL-0029,請求書作成,2024-07-21 20:19:00,EMP-015
BILL-0029,承認申請,2024-07-22 14:50:11,EMP-015
BILL-0029,承認完了,2024-07-24 05:02:44,EMP-016
BILL-0029,送付,2024-07-24 07:35:34,EMP-015
BILL-0029,入金確認,2024-08-09 07:35:34,SYSTEM
BILL-0030,請求書作成,2024-04-19 15:04:00,EMP-015
BILL-0030,承認申請,2024-04-19 21:43:14,EMP-015
BILL-0030,承認完了,2024-04-20 14:46:05,EMP-016
BILL-0030,送付,2024-04-20 16:49:26,EMP-015
BILL-0030,入金確認,2024-06-13 16:49:26,SYSTEM
BILL-0031,請求書作成,2024-03-02 13:44:00,EMP-015
BILL-0031,承認申請,2024-03-02 20:22:36,EMP-015
BILL-0031,承認完了,2024-03-03 07:12:35,EMP-016
BILL-0031,送付,2024-03-03 13:35:40,EMP-015
BILL-0031,入金確認,2024-03-19 13:35:40,SYSTEM
BILL-0032,請求書作成,2024-06-09 11:56:00,EMP-015
BILL-0032,承認申請,2024-06-09 21:55:06,EMP-015
BILL-0032,承認完了,2024-06-10 21:13:38,EMP-016
BILL-0032,送付,2024-06-11 04:28:27,EMP-015
BILL-0032,入金確認,2024-08-01 04:28:27,SYSTEM
BILL-0033,請求書作成,2024-02-05 16:36:00,EMP-015
BILL-0033,承認申請,2024-02-05 20:46:10,EMP-015
BILL-0033,承認完了,2024-02-07 06:46:13,EMP-016
BILL-0033,送付,2024-02-07 13:06:17,EMP-015
BILL-0033,入金確認,2024-03-28 13:06:17,SYSTEM
BILL-0034,請求書作成,2024-07-29 19:43:00,EMP-015
BILL-0034,承認申請,2024-07-30 08:33:51,EMP-015
BILL-0034,承認完了,2024-07-31 01:15:14,EMP-016
BILL-0034,送付,2024-07-31 04:05:39,EMP-015
BILL-0034,入金確認,2024-08-17 04:05:39,SYSTEM
BILL-0035,請求書作成,2024-07-15 11:27:00,EMP-015
BILL-0035,承認申請,2024-07-15 21:44:24,EMP-015
BILL-0035,承認完了,2024-07-16 11:19:59,EMP-016
BILL-0035,送付,2024-07-16 13:50:19,EMP-015
BILL-0035,入金確認,2024-08-30 13:50:19,SYSTEM
BILL-0036,請求書作成,2024-12-19 00:54:00,EMP-015
BILL-0036,承認申請,2024-12-19 21:50:29,EMP-015
BILL-0036,承認完了,2024-12-21 16:52:28,EMP-016
BILL-0036,送付,2024-12-21 22:30:57,EMP-015
BILL-0036,入金確認,2025-01-12 22:30:57,SYSTEM
BILL-0037,請求書作成,2024-05-31 20:03:00,EMP-015
BILL-0037,承認申請,2024-06-01 15:43:33,EMP-015
BILL-0037,承認完了,2024-06-03 07:28:37,EMP-016
BILL-0037,送付,2024-06-03 11:47:32,EMP-015
BILL-0037,入金確認,2024-06-28 11:47:32,SYSTEM
BILL-0038,請求書作成,2024-11-22 19:04:00,EMP-015
BILL-0038,承認申請,2024-11-23 09:37:56,EMP-015
BILL-0038,承認完了,2024-11-25 08:44:24,EMP-016
BILL-0038,送付,2024-11-25 16:20:37,EMP-015
BILL-0038,入金確認,2024-12-13 16:20:37,SYSTEM
BILL-0039,請求書作成,2024-10-18 13:23:00,EMP-015
BILL-0039,承認申請,2024-10-19 04:18:37,EMP-015
BILL-0039,承認完了,2024-10-19 19:13:16,EMP-016
BILL-0039,送付,2024-10-20 03:08:43,EMP-015
BILL-0039,入金確認,2024-11-03 03:08:43,SYSTEM
BILL-0040,請求書作成,2024-10-27 02:00:00,EMP-015
BILL-0040,承認申請,2024-10-27 11:14:37,EMP-015
BILL-0040,差戻,2024-10-27 20:50:12,EMP-016
BILL-0040,修正,2024-10-28 10:18:29,EMP-015
BILL-0040,再申請,2024-10-28 15:20:52,EMP-015
BILL-0040,承認完了,2024-10-29 09:24:18,EMP-016
BILL-0040,送付,2024-10-29 14:24:40,EMP-015
BILL-0040,入金確認,2024-12-04 14:24:40,SYSTEM
BILL-0041,請求書作成,2024-12-25 12:05:00,EMP-015
BILL-0041,承認申請,2024-12-26 04:53:38,EMP-015
BILL-0041,差戻,2024-12-27 10:24:01,EMP-016
BILL-0041,修正,2024-12-27 15:24:12,EMP-015
BILL-0041,再申請,2024-12-27 17:52:39,EMP-015
BILL-0041,承認完了,2024-12-28 16:36:44,EMP-016
BILL-0041,送付,2024-12-29 00:27:29,EMP-015
BILL-0041,入金確認,2025-01-17 00:27:29,SYSTEM
BILL-0042,請求書作成,2024-06-16 12:37:00,EMP-015
BILL-0042,承認申請,2024-06-17 05:18:09,EMP-015
BILL-0042,承認完了,2024-06-18 22:41:00,EMP-016
BILL-0042,送付,2024-06-19 01:04:49,EMP-015
BILL-0042,入金確認,2024-08-12 01:04:49,SYSTEM
BILL-0043,請求書作成,2024-05-02 01:15:00,EMP-015
BILL-0043,承認申請,2024-05-02 06:58:27,EMP-015
BILL-0043,承認完了,2024-05-03 08:21:12,EMP-016
BILL-0043,送付,2024-05-03 14:00:23,EMP-015
BILL-0043,入金確認,2024-06-01 14:00:23,SYSTEM
BILL-0044,請求書作成,2024-03-02 00:45:00,EMP-015
BILL-0044,承認申請,2024-03-02 07:29:39,EMP-015
BILL-0044,承認完了,2024-03-02 15:56:53,EMP-016
BILL-0044,送付,2024-03-02 20:01:42,EMP-015
BILL-0044,入金確認,2024-04-14 20:01:42,SYSTEM
BILL-0045,請求書作成,2024-03-26 11:08:00,EMP-015
BILL-0045,承認申請,2024-03-27 06:07:43,EMP-015
BILL-0045,承認完了,2024-03-29 01:04:02,EMP-016
BILL-0045,送付,2024-03-29 03:46:32,EMP-015
BILL-0045,入金確認,2024-04-09 03:46:32,SYSTEM
BILL-0046,請求書作成,2024-08-07 08:33:00,EMP-015
BILL-0046,承認申請,2024-08-07 13:49:38,EMP-015
BILL-0046,承認完了,2024-08-09 02:19:13,EMP-016
BILL-0046,送付,2024-08-09 04:46:58,EMP-015
BILL-0046,入金確認,2024-09-17 04:46:58,SYSTEM
BILL-0047,請求書作成,2024-07-03 01:31:00,EMP-015
BILL-0047,承認申請,2024-07-03 22:42:13,EMP-015
BILL-0047,差戻,2024-07-04 13:22:44,EMP-016
BILL-0047,修正,2024-07-05 02:39:32,EMP-015
BILL-0047,再申請,2024-07-05 10:01:28,EMP-015
BILL-0047,承認完了,2024-07-06 04:48:38,EMP-016
BILL-0047,送付,2024-07-06 07:30:09,EMP-015
BILL-0047,入金確認,2024-09-01 07:30:09,SYSTEM
BILL-0048,請求書作成,2024-01-02 01:54:00,EMP-015
BILL-0048,承認申請,2024-01-02 23:09:30,EMP-015
BILL-0048,承認完了,2024-01-03 16:56:26,EMP-016
BILL-0048,送付,2024-01-03 21:14:18,EMP-015
BILL-0048,入金確認,2024-01-22 21:14:18,SYSTEM
BILL-0049,請求書作成,2024-01-19 17:51:00,EMP-015
BILL-0049,承認申請,2024-01-20 16:07:44,EMP-015
BILL-0049,承認完了,2024-01-22 05:45:20,EMP-016
BILL-0049,送付,2024-01-22 09:41:11,EMP-015
BILL-0049,入金確認,2024-02-27 09:41:11,SYSTEM
BILL-0050,請求書作成,2024-05-18 02:36:00,EMP-015
BILL-0050,承認申請,2024-05-18 14:03:22,EMP-015
BILL-0050,承認完了,2024-05-19 18:08:16,EMP-016
BILL-0050,送付,2024-05-19 21:12:49,EMP-015
BILL-0050,入金確認,2024-07-01 21:12:49,SYSTEM
BILL-0051,請求書作成,2024-07-24 02:56:00,EMP-015
BILL-0051,承認申請,2024-07-24 16:14:06,EMP-015
BILL-0051,承認完了,2024-07-25 11:31:38,EMP-016
BILL-0051,送付,2024-07-25 15:29:28,EMP-015
BILL-0051,入金確認,2024-09-08 15:29:28,SYSTEM
BILL-0052,請求書作成,2024-01-05 11:12:00,EMP-015
BILL-0052,承認申請,2024-01-05 21:01:54,EMP-015
BILL-0052,承認完了,2024-01-07 12:24:43,EMP-016
BILL-0052,送付,2024-01-07 15:52:03,EMP-015
BILL-0052,入金確認,2024-02-09 15:52:03,SYSTEM
BILL-0053,請求書作成,2024-09-09 06:46:00,EMP-015
BILL-0053,承認申請,2024-09-10 04:46:31,EMP-015
BILL-0053,承認完了,2024-09-11 19:11:41,EMP-016
BILL-0053,送付,2024-09-11 21:13:59,EMP-015
BILL-0053,入金確認,2024-10-17 21:13:59,SYSTEM
BILL-0054,請求書作成,2024-04-29 17:22:00,EMP-015
BILL-0054,承認申請,2024-04-30 10:05:07,EMP-015
BILL-0054,差戻,2024-05-01 21:49:26,EMP-016
BILL-0054,修正,2024-05-02 05:50:38,EMP-015
BILL-0054,再申請,2024-05-02 12:23:51,EMP-015
BILL-0054,承認完了,2024-05-03 02:25:05,EMP-016
BILL-0054,送付,2024-05-03 08:50:47,EMP-015
BILL-0054,入金確認,2024-06-01 08:50:47,SYSTEM
BILL-0055,請求書作成,2024-04-15 16:15:00,EMP-015
BILL-0055,承認申請,2024-04-16 04:38:46,EMP-015
BILL-0055,承認完了,2024-04-18 03:05:37,EMP-016
BILL-0055,送付,2024-04-18 05:56:52,EMP-015
BILL-0055,入金確認,2024-05-15 05:56:52,SYSTEM
BILL-0056,請求書作成,2024-01-23 07:57:00,EMP-015
BILL-0056,承認申請,2024-01-24 04:51:36,EMP-015
BILL-0056,承認完了,2024-01-25 05:22:56,EMP-016
BILL-0056,送付,2024-01-25 10:07:59,EMP-015
BILL-0056,入金確認,2024-03-22 10:07:59,SYSTEM
BILL-0057,請求書作成,2024-10-24 03:32:00,EMP-015
BILL-0057,承認申請,2024-10-24 10:12:12,EMP-015
BILL-0057,差戻,2024-10-26 03:00:07,EMP-016
BILL-0057,修正,2024-10-26 13:48:57,EMP-015
BILL-0057,再申請,2024-10-26 18:25:33,EMP-015
BILL-0057,承認完了,2024-10-27 17:51:12,EMP-016
BILL-0057,送付,2024-10-27 21:16:26,EMP-015
BILL-0057,入金確認,2024-11-22 21:16:26,SYSTEM
BILL-0058,請求書作成,2024-07-20 22:53:00,EMP-015
BILL-0058,承認申請,2024-07-21 17:35:25,EMP-015
BILL-0058,承認完了,2024-07-22 14:18:45,EMP-016
BILL-0058,送付,2024-07-22 16:45:38,EMP-015
BILL-0058,入金確認,2024-08-13 16:45:38,SYSTEM
BILL-0059,請求書作成,2024-10-26 03:09:00,EMP-015
BILL-0059,承認申請,2024-10-26 09:15:47,EMP-015
BILL-0059,承認完了,2024-10-27 11:14:44,EMP-016
BILL-0059,送付,2024-10-27 13:58:12,EMP-015
BILL-0059,入金確認,2024-11-28 13:58:12,SYSTEM
BILL-0060,請求書作成,2024-08-19 09:29:00,EMP-015
BILL-0060,承認申請,2024-08-19 18:47:00,EMP-015
BILL-0060,差戻,2024-08-20 07:34:48,EMP-016
BILL-0060,修正,2024-08-20 19:48:45,EMP-015
BILL-0060,再申請,2024-08-21 02:46:15,EMP-015
BILL-0060,承認完了,2024-08-21 21:55:15,EMP-016
BILL-0060,送付,2024-08-22 00:09:46,EMP-015
BILL-0060,入金確認,2024-09-21 00:09:46,SYSTEM
BILL-0061,請求書作成,2024-02-16 22:15:00,EMP-015
BILL-0061,承認申請,2024-02-17 21:37:04,EMP-015
BILL-0061,差戻,2024-02-18 21:28:04,EMP-016
BILL-0061,修正,2024-02-19 05:03:13,EMP-015
BILL-0061,再申請,2024-02-19 11:58:27,EMP-015
BILL-0061,承認完了,2024-02-19 22:45:22,EMP-016
BILL-0061,送付,2024-02-20 06:28:07,EMP-015
BILL-0061,入金確認,2024-03-29 06:28:07,SYSTEM
BILL-0062,請求書作成,2024-10-08 07:06:00,EMP-015
BILL-0062,承認申請,2024-10-08 20:20:27,EMP-015
BILL-0062,差戻,2024-10-10 12:29:48,EMP-016
BILL-0062,修正,2024-10-10 16:38:24,EMP-015
BILL-0062,再申請,2024-10-10 23:37:20,EMP-015
BILL-0062,承認完了,2024-10-11 23:20:36,EMP-016
BILL-0062,送付,2024-10-12 02:07:40,EMP-015
BILL-0062,入金確認,2024-11-16 02:07:40,SYSTEM
BILL-0063,請求書作成,2024-12-17 20:41:00,EMP-015
BILL-0063,承認申請,2024-12-18 02:21:50,EMP-015
BILL-0063,承認完了,2024-12-19 09:48:31,EMP-016
BILL-0063,送付,2024-12-19 12:15:31,EMP-015
BILL-0063,入金確認,2025-01-02 12:15:31,SYSTEM
BILL-0064,請求書作成,2024-11-26 14:51:00,EMP-015
BILL-0064,承認申請,2024-11-26 21:25:32,EMP-015
BILL-0064,承認完了,2024-11-28 17:37:44,EMP-016
BILL-0064,送付,2024-11-28 21:37:05,EMP-015
BILL-0064,入金確認,2024-12-10 21:37:05,SYSTEM
BILL-0065,請求書作成,2024-01-26 05:59:00,EMP-015
BILL-0065,承認申請,2024-01-26 21:27:39,EMP-015
BILL-0065,承認完了,2024-01-28 14:19:42,EMP-016
BILL-0065,送付,2024-01-28 16:30:19,EMP-015
BILL-0065,入金確認,2024-03-21 16:30:19,SYSTEM
BILL-0066,請求書作成,2024-03-29 11:13:00,EMP-015
BILL-0066,承認申請,2024-03-30 09:22:57,EMP-015
BILL-0066,承認完了,2024-03-31 04:22:55,EMP-016
BILL-0066,送付,2024-03-31 07:16:25,EMP-015
BILL-0066,入金確認,2024-05-19 07:16:25,SYSTEM
BILL-0067,請求書作成,2024-11-27 09:31:00,EMP-015
BILL-0067,承認申請,2024-11-27 21:45:23,EMP-015
BILL-0067,差戻,2024-11-29 03:47:02,EMP-016
BILL-0067,修正,2024-11-29 11:08:28,EMP-015
BILL-0067,再申請,2024-11-29 13:57:53,EMP-015
BILL-0067,承認完了,2024-11-30 01:09:21,EMP-016
BILL-0067,送付,2024-11-30 08:27:50,EMP-015
BILL-0067,入金確認,2025-01-12 08:27:50,SYSTEM
BILL-0068,請求書作成,2024-11-18 17:50:00,EMP-015
BILL-0068,承認申請,2024-11-18 22:13:26,EMP-015
BILL-0068,承認完了,2024-11-19 21:31:25,EMP-016
BILL-0068,送付,2024-11-20 02:24:07,EMP-015
BILL-0068,入金確認,2025-01-19 02:24:07,SYSTEM
BILL-0069,請求書作成,2024-06-25 18:32:00,EMP-015
BILL-0069,承認申請,2024-06-26 04:57:55,EMP-015
BILL-0069,差戻,2024-06-26 23:46:58,EMP-016
BILL-0069,修正,2024-06-27 10:56:53,EMP-015
BILL-0069,再申請,2024-06-27 13:07:26,EMP-015
BILL-0069,承認完了,2024-06-28 10:05:42,EMP-016
BILL-0069,送付,2024-06-28 13:46:50,EMP-015
BILL-0069,入金確認,2024-08-07 13:46:50,SYSTEM
BILL-0070,請求書作成,2024-07-02 18:14:00,EMP-015
BILL-0070,承認申請,2024-07-03 17:42:46,EMP-015
BILL-0070,承認完了,2024-07-04 05:43:05,EMP-016
BILL-0070,送付,2024-07-04 09:19:02,EMP-015
BILL-0070,入金確認,2024-09-02 09:19:02,SYSTEM
BILL-0071,請求書作成,2024-04-22 18:54:00,EMP-015
BILL-0071,承認申請,2024-04-23 18:33:11,EMP-015
BILL-0071,承認完了,2024-04-24 18:05:24,EMP-016
BILL-0071,送付,2024-04-25 02:02:22,EMP-015
BILL-0071,入金確認,2024-05-16 02:02:22,SYSTEM
BILL-0072,請求書作成,2024-05-01 18:20:00,EMP-015
BILL-0072,承認申請,2024-05-02 14:27:27,EMP-015
BILL-0072,承認完了,2024-05-04 02:21:45,EMP-016
BILL-0072,送付,2024-05-04 04:31:54,EMP-015
BILL-0072,入金確認,2024-06-27 04:31:54,SYSTEM
BILL-0073,請求書作成,2024-10-17 18:09:00,EMP-015
BILL-0073,承認申請,2024-10-18 09:24:43,EMP-015
BILL-0073,承認完了,2024-10-19 00:56:29,EMP-016
BILL-0073,送付,2024-10-19 08:13:52,EMP-015
BILL-0073,入金確認,2024-11-29 08:13:52,SYSTEM
BILL-0074,請求書作成,2024-06-07 05:31:00,EMP-015
BILL-0074,承認申請,2024-06-07 10:16:33,EMP-015
BILL-0074,承認完了,2024-06-07 20:31:21,EMP-016
BILL-0074,送付,2024-06-07 22:38:32,EMP-015
BILL-0074,入金確認,2024-07-17 22:38:32,SYSTEM
BILL-0075,請求書作成,2024-06-18 19:12:00,EMP-015
BILL-0075,承認申請,2024-06-19 15:19:44,EMP-015
BILL-0075,差戻,2024-06-20 12:57:33,EMP-016
BILL-0075,修正,2024-06-21 02:35:18,EMP-015
BILL-0075,再申請,2024-06-21 09:47:51,EMP-015
BILL-0075,承認完了,2024-06-21 18:45:02,EMP-016
BILL-0075,送付,2024-06-21 21:38:12,EMP-015
BILL-0075,入金確認,2024-08-15 21:38:12,SYSTEM
BILL-0076,請求書作成,2024-02-26 16:55:00,EMP-015
BILL-0076,承認申請,2024-02-27 04:12:52,EMP-015
BILL-0076,承認完了,2024-02-27 15:06:56,EMP-016
BILL-0076,送付,2024-02-27 21:05:18,EMP-015
BILL-0076,入金確認,2024-04-14 21:05:18,SYSTEM
BILL-0077,請求書作成,2024-06-21 09:20:00,EMP-015
BILL-0077,承認申請,2024-06-21 16:03:44,EMP-015
BILL-0077,承認完了,2024-06-22 06:21:45,EMP-016
BILL-0077,送付,2024-06-22 13:06:48,EMP-015
BILL-0077,入金確認,2024-08-02 13:06:48,SYSTEM
BILL-0078,請求書作成,2024-03-30 22:35:00,EMP-015
BILL-0078,承認申請,2024-03-31 16:27:16,EMP-015
BILL-0078,承認完了,2024-04-02 13:36:30,EMP-016
BILL-0078,送付,2024-04-02 16:56:51,EMP-015
BILL-0078,入金確認,2024-05-19 16:56:51,SYSTEM
BILL-0079,請求書作成,2024-07-12 09:46:00,EMP-015
BILL-0079,承認申請,2024-07-13 03:32:11,EMP-015
BILL-0079,承認完了,2024-07-13 16:37:50,EMP-016
BILL-0079,送付,2024-07-14 00:19:23,EMP-015
BILL-0079,入金確認,2024-08-29 00:19:23,SYSTEM
BILL-0080,請求書作成,2024-10-17 01:11:00,EMP-015
BILL-0080,承認申請,2024-10-17 17:13:51,EMP-015
BILL-0080,承認完了,2024-10-19 14:04:21,EMP-016
BILL-0080,送付,2024-10-19 17:23:52,EMP-015
BILL-0080,入金確認,2024-12-04 17:23:52,SYSTEM
BILL-0081,請求書作成,2024-09-11 04:21:00,EMP-015
BILL-0081,承認申請,2024-09-11 23:15:24,EMP-015
BILL-0081,承認完了,2024-09-12 16:46:36,EMP-016
BILL-0081,送付,2024-09-12 19:47:02,EMP-015
BILL-0081,入金確認,2024-09-27 19:47:02,SYSTEM
BILL-0082,請求書作成,2024-08-16 00:16:00,EMP-015
BILL-0082,承認申請,2024-08-16 08:27:37,EMP-015
BILL-0082,承認完了,2024-08-17 20:11:14,EMP-016
BILL-0082,送付,2024-08-18 02:54:34,EMP-015
BILL-0082,入金確認,2024-10-13 02:54:34,SYSTEM
BILL-0083,請求書作成,2024-01-25 12:28:00,EMP-015
BILL-0083,承認申請,2024-01-26 07:07:06,EMP-015
BILL-0083,承認完了,2024-01-28 05:52:56,EMP-016
BILL-0083,送付,2024-01-28 10:50:27,EMP-015
BILL-0083,入金確認,2024-03-02 10:50:27,SYSTEM
BILL-0084,請求書作成,2024-10-06 12:06:00,EMP-015
BILL-0084,承認申請,2024-10-07 08:40:34,EMP-015
BILL-0084,承認完了,2024-10-09 00:13:31,EMP-016
BILL-0084,送付,2024-10-09 06:46:29,EMP-015
BILL-0084,入金確認,2024-11-02 06:46:29,SYSTEM
BILL-0085,請求書作成,2024-08-19 02:51:00,EMP-015
BILL-0085,承認申請,2024-08-19 23:45:54,EMP-015
BILL-0085,承認完了,2024-08-20 19:33:41,EMP-016
BILL-0085,送付,2024-08-21 03:16:17,EMP-015
BILL-0085,入金確認,2024-09-04 03:16:17,SYSTEM
BILL-0086,請求書作成,2024-03-28 12:10:00,EMP-015
BILL-0086,承認申請,2024-03-29 06:48:22,EMP-015
BILL-0086,承認完了,2024-03-30 12:41:17,EMP-016
BILL-0086,送付,2024-03-30 15:14:48,EMP-015
BILL-0086,入金確認,2024-05-17 15:14:48,SYSTEM
BILL-0087,請求書作成,2024-12-26 00:27:00,EMP-015
BILL-0087,承認申請,2024-12-26 23:17:55,EMP-015
BILL-0087,承認完了,2024-12-27 13:53:55,EMP-016
BILL-0087,送付,2024-12-27 16:50:28,EMP-015
BILL-0087,入金確認,2025-01-12 16:50:28,SYSTEM
BILL-0088,請求書作成,2024-04-15 06:26:00,EMP-015
BILL-0088,承認申請,2024-04-16 00:22:38,EMP-015
BILL-0088,承認完了,2024-04-17 13:15:31,EMP-016
BILL-0088,送付,2024-04-17 16:51:01,EMP-015
BILL-0088,入金確認,2024-05-15 16:51:01,SYSTEM
BILL-0089,請求書作成,2024-05-01 03:03:00,EMP-015
BILL-0089,承認申請,2024-05-01 14:54:28,EMP-015
BILL-0089,承認完了,2024-05-02 20:53:40,EMP-016
BILL-0089,送付,2024-05-02 23:13:17,EMP-015
BILL-0089,入金確認,2024-05-12 23:13:17,SYSTEM
BILL-0090,請求書作成,2024-02-14 09:52:00,EMP-015
BILL-0090,承認申請,2024-02-15 03:06:25,EMP-015
BILL-0090,差戻,2024-02-16 11:06:56,EMP-016
BILL-0090,修正,2024-02-16 15:25:28,EMP-015
BILL-0090,再申請,2024-02-16 18:26:58,EMP-015
BILL-0090,承認完了,2024-02-17 07:07:06,EMP-016
BILL-0090,送付,2024-02-17 09:36:36,EMP-015
BILL-0090,入金確認,2024-03-05 09:36:36,SYSTEM
BILL-0091,請求書作成,2024-07-22 15:31:00,EMP-015
BILL-0091,承認申請,2024-07-23 13:24:51,EMP-015
BILL-0091,承認完了,2024-07-24 08:00:51,EMP-016
BILL-0091,送付,2024-07-24 12:20:22,EMP-015
BILL-0091,入金確認,2024-08-26 12:20:22,SYSTEM
BILL-0092,請求書作成,2024-07-08 05:28:00,EMP-015
BILL-0092,承認申請,2024-07-08 10:21:32,EMP-015
BILL-0092,承認完了,2024-07-09 11:56:55,EMP-016
BILL-0092,送付,2024-07-09 18:58:15,EMP-015
BILL-0092,入金確認,2024-08-24 18:58:15,SYSTEM
BILL-0093,請求書作成,2024-03-18 22:42:00,EMP-015
BILL-0093,承認申請,2024-03-19 04:38:02,EMP-015
BILL-0093,承認完了,2024-03-20 15:21:34,EMP-016
BILL-0093,送付,2024-03-20 19:50:37,EMP-015
BILL-0093,入金確認,2024-05-17 19:50:37,SYSTEM
BILL-0094,請求書作成,2024-04-26 17:03:00,EMP-015
BILL-0094,承認申請,2024-04-27 13:51:57,EMP-015
BILL-0094,承認完了,2024-04-29 06:36:07,EMP-016
BILL-0094,送付,2024-04-29 11:48:54,EMP-015
BILL-0094,入金確認,2024-06-08 11:48:54,SYSTEM
BILL-0095,請求書作成,2024-04-30 15:19:00,EMP-015
BILL-0095,承認申請,2024-04-30 20:53:44,EMP-015
BILL-0095,承認完了,2024-05-02 17:00:24,EMP-016
BILL-0095,送付,2024-05-02 22:01:10,EMP-015
BILL-0095,入金確認,2024-06-14 22:01:10,SYSTEM
BILL-0096,請求書作成,2024-12-12 19:09:00,EMP-015
BILL-0096,承認申請,2024-12-13 01:33:20,EMP-015
BILL-0096,差戻,2024-12-14 15:50:35,EMP-016
BILL-0096,修正,2024-12-15 07:39:20,EMP-015
BILL-0096,再申請,2024-12-15 15:29:18,EMP-015
BILL-0096,承認完了,2024-12-16 12:25:26,EMP-016
BILL-0096,送付,2024-12-16 15:10:51,EMP-015
BILL-0096,入金確認,2025-01-22 15:10:51,SYSTEM
BILL-0097,請求書作成,2024-12-15 13:12:00,EMP-015
BILL-0097,承認申請,2024-12-16 13:08:43,EMP-015
BILL-0097,承認完了,2024-12-17 22:14:03,EMP-016
BILL-0097,送付,2024-12-18 01:46:54,EMP-015
BILL-0097,入金確認,2025-02-12 01:46:54,SYSTEM
BILL-0098,請求書作成,2024-02-14 12:35:00,EMP-015
BILL-0098,承認申請,2024-02-15 00:31:49,EMP-015
BILL-0098,承認完了,2024-02-15 21:34:31,EMP-016
BILL-0098,送付,2024-02-16 02:19:28,EMP-015
BILL-0098,入金確認,2024-02-26 02:19:28,SYSTEM
BILL-0099,請求書作成,2024-09-24 13:07:00,EMP-015
BILL-0099,承認申請,2024-09-25 01:24:19,EMP-015
BILL-0099,承認完了,2024-09-25 15:20:00,EMP-016
BILL-0099,送付,2024-09-25 21:53:01,EMP-015
BILL-0099,入金確認,2024-10-11 21:53:01,SYSTEM
BILL-0100,請求書作成,2024-10-15 03:50:00,EMP-015
BILL-0100,承認申請,2024-10-15 13:33:18,EMP-015
BILL-0100,承認完了,2024-10-16 18:58:49,EMP-016
BILL-0100,送付,2024-10-16 23:26:45,EMP-015
BILL-0100,入金確認,2024-11-19 23:26:45,SYSTEM
BILL-0101,請求書作成,2024-10-19 19:30:00,EMP-015
BILL-0101,承認申請,2024-10-20 00:14:57,EMP-015
BILL-0101,差戻,2024-10-20 19:15:57,EMP-016
BILL-0101,修正,2024-10-21 06:34:11,EMP-015
BILL-0101,再申請,2024-10-21 12:43:54,EMP-015
BILL-0101,承認完了,2024-10-21 21:21:08,EMP-016
BILL-0101,送付,2024-10-22 04:41:22,EMP-015
BILL-0101,入金確認,2024-11-22 04:41:22,SYSTEM
BILL-0102,請求書作成,2024-01-26 23:30:00,EMP-015
BILL-0102,承認申請,2024-01-27 21:55:00,EMP-015
BILL-0102,差戻,2024-01-29 17:47:52,EMP-016
BILL-0102,修正,2024-01-30 07:36:23,EMP-015
BILL-0102,再申請,2024-01-30 11:25:29,EMP-015
BILL-0102,承認完了,2024-01-30 23:54:37,EMP-016
BILL-0102,送付,2024-01-31 04:51:36,EMP-015
BILL-0102,入金確認,2024-03-25 04:51:36,SYSTEM
BILL-0103,請求書作成,2024-04-26 04:19:00,EMP-015
BILL-0103,承認申請,2024-04-27 03:48:03,EMP-015
BILL-0103,承認完了,2024-04-28 05:31:31,EMP-016
BILL-0103,送付,2024-04-28 09:08:31,EMP-015
BILL-0103,入金確認,2024-06-03 09:08:31,SYSTEM
BILL-0104,請求書作成,2024-04-06 14:13:00,EMP-015
BILL-0104,承認申請,2024-04-07 12:29:07,EMP-015
BILL-0104,承認完了,2024-04-08 12:46:19,EMP-016
BILL-0104,送付,2024-04-08 17:52:16,EMP-015
BILL-0104,入金確認,2024-05-11 17:52:16,SYSTEM
BILL-0105,請求書作成,2024-09-20 05:04:00,EMP-015
BILL-0105,承認申請,2024-09-20 15:17:20,EMP-015
BILL-0105,差戻,2024-09-21 19:33:39,EMP-016
BILL-0105,修正,2024-09-22 09:46:35,EMP-015
BILL-0105,再申請,2024-09-22 17:03:08,EMP-015
BILL-0105,承認完了,2024-09-23 01:30:56,EMP-016
BILL-0105,送付,2024-09-23 04:40:20,EMP-015
BILL-0105,入金確認,2024-10-15 04:40:20,SYSTEM
BILL-0106,請求書作成,2024-05-07 01:29:00,EMP-015
BILL-0106,承認申請,2024-05-07 06:29:40,EMP-015
BILL-0106,差戻,2024-05-08 04:54:34,EMP-016
BILL-0106,修正,2024-05-08 13:19:47,EMP-015
BILL-0106,再申請,2024-05-08 18:06:54,EMP-015
BILL-0106,承認完了,2024-05-09 08:27:58,EMP-016
BILL-0106,送付,2024-05-09 16:00:16,EMP-015
BILL-0106,入金確認,2024-07-01 16:00:16,SYSTEM
BILL-0107,請求書作成,2024-05-03 11:31:00,EMP-015
BILL-0107,承認申請,2024-05-04 03:23:51,EMP-015
BILL-0107,承認完了,2024-05-04 18:30:03,EMP-016
BILL-0107,送付,2024-05-05 00:01:19,EMP-015
BILL-0107,入金確認,2024-06-06 00:01:19,SYSTEM
BILL-0108,請求書作成,2024-03-24 08:47:00,EMP-015
BILL-0108,承認申請,2024-03-25 05:24:02,EMP-015
BILL-0108,差戻,2024-03-25 17:00:59,EMP-016
BILL-0108,修正,2024-03-25 21:36:44,EMP-015
BILL-0108,再申請,2024-03-26 04:44:06,EMP-015
BILL-0108,承認完了,2024-03-27 01:12:44,EMP-016
BILL-0108,送付,2024-03-27 04:29:54,EMP-015
BILL-0108,入金確認,2024-04-20 04:29:54,SYSTEM
BILL-0109,請求書作成,2024-12-12 06:17:00,EMP-015
BILL-0109,承認申請,2024-12-12 23:18:54,EMP-015
BILL-0109,承認完了,2024-12-14 03:50:46,EMP-016
BILL-0109,送付,2024-12-14 11:38:56,EMP-015
BILL-0109,入金確認,2025-02-05 11:38:56,SYSTEM
BILL-0110,請求書作成,2024-08-30 04:41:00,EMP-015
BILL-0110,承認申請,2024-08-30 12:08:50,EMP-015
BILL-0110,承認完了,2024-09-01 04:10:54,EMP-016
BILL-0110,送付,2024-09-01 09:49:55,EMP-015
BILL-0110,入金確認,2024-09-30 09:49:55,SYSTEM
BILL-0111,請求書作成,2024-08-04 12:54:00,EMP-015
BILL-0111,承認申請,2024-08-04 23:52:27,EMP-015
BILL-0111,承認完了,2024-08-05 17:57:14,EMP-016
BILL-0111,送付,2024-08-06 00:01:02,EMP-015
BILL-0111,入金確認,2024-09-24 00:01:02,SYSTEM
BILL-0112,請求書作成,2024-10-26 03:00:00,EMP-015
BILL-0112,承認申請,2024-10-26 17:13:48,EMP-015
BILL-0112,承認完了,2024-10-28 03:43:28,EMP-016
BILL-0112,送付,2024-10-28 07:58:11,EMP-015
BILL-0112,入金確認,2024-12-18 07:58:11,SYSTEM
BILL-0113,請求書作成,2024-11-07 09:19:00,EMP-015
BILL-0113,承認申請,2024-11-08 03:00:17,EMP-015
BILL-0113,承認完了,2024-11-09 06:16:28,EMP-016
BILL-0113,送付,2024-11-09 09:56:00,EMP-015
BILL-0113,入金確認,2024-12-09 09:56:00,SYSTEM
BILL-0114,請求書作成,2024-05-13 20:45:00,EMP-015
BILL-0114,承認申請,2024-05-14 19:47:37,EMP-015
BILL-0114,差戻,2024-05-16 05:51:08,EMP-016
BILL-0114,修正,2024-05-16 16:03:35,EMP-015
BILL-0114,再申請,2024-05-16 19:30:06,EMP-015
BILL-0114,承認完了,2024-05-17 04:24:36,EMP-016
BILL-0114,送付,2024-05-17 11:33:14,EMP-015
BILL-0114,入金確認,2024-07-04 11:33:14,SYSTEM
BILL-0115,請求書作成,2024-12-04 10:43:00,EMP-015
BILL-0115,承認申請,2024-12-04 17:30:54,EMP-015
BILL-0115,承認完了,2024-12-05 02:32:00,EMP-016
BILL-0115,送付,2024-12-05 06:18:25,EMP-015
BILL-0115,入金確認,2025-01-10 06:18:25,SYSTEM
BILL-0116,請求書作成,2024-07-17 23:02:00,EMP-015
BILL-0116,承認申請,2024-07-18 14:41:37,EMP-015
BILL-0116,承認完了,2024-07-20 14:29:02,EMP-016
BILL-0116,送付,2024-07-20 18:32:34,EMP-015
BILL-0116,入金確認,2024-09-13 18:32:34,SYSTEM
BILL-0117,請求書作成,2024-12-17 17:40:00,EMP-015
BILL-0117,承認申請,2024-12-18 13:21:52,EMP-015
BILL-0117,承認完了,2024-12-20 09:37:32,EMP-016
BILL-0117,送付,2024-12-20 14:40:10,EMP-015
BILL-0117,入金確認,2025-01-09 14:40:10,SYSTEM
BILL-0118,請求書作成,2024-04-02 09:06:00,EMP-015
BILL-0118,承認申請,2024-04-02 22:30:56,EMP-015
BILL-0118,承認完了,2024-04-04 12:09:08,EMP-016
BILL-0118,送付,2024-04-04 17:30:23,EMP-015
BILL-0118,入金確認,2024-04-25 17:30:23,SYSTEM
BILL-0119,請求書作成,2024-12-01 02:14:00,EMP-015
BILL-0119,承認申請,2024-12-01 13:20:20,EMP-015
BILL-0119,承認完了,2024-12-03 03:06:26,EMP-016
BILL-0119,送付,2024-12-03 09:50:09,EMP-015
BILL-0119,入金確認,2025-01-03 09:50:09,SYSTEM
BILL-0120,請求書作成,2024-05-13 18:18:00,EMP-015
BILL-0120,承認申請,2024-05-14 07:34:30,EMP-015
BILL-0120,差戻,2024-05-14 20:17:11,EMP-016
BILL-0120,修正,2024-05-15 07:53:57,EMP-015
BILL-0120,再申請,2024-05-15 13:22:51,EMP-015
BILL-0120,承認完了,2024-05-16 07:18:41,EMP-016
BILL-0120,送付,2024-05-16 12:08:41,EMP-015
BILL-0120,入金確認,2024-06-07 12:08:41,SYSTEM
BILL-0121,請求書作成,2024-03-02 21:24:00,EMP-015
BILL-0121,承認申請,2024-03-03 11:59:48,EMP-015
BILL-0121,承認完了,2024-03-04 12:31:15,EMP-016
BILL-0121,送付,2024-03-04 15:25:32,EMP-015
BILL-0121,入金確認,2024-03-26 15:25:32,SYSTEM
BILL-0122,請求書作成,2024-07-28 18:57:00,EMP-015
BILL-0122,承認申請,2024-07-29 17:04:56,EMP-015
BILL-0122,承認完了,2024-07-30 19:23:06,EMP-016
BILL-0122,送付,2024-07-31 01:40:45,EMP-015
BILL-0122,入金確認,2024-09-28 01:40:45,SYSTEM
BILL-0123,請求書作成,2024-09-06 10:40:00,EMP-015
BILL-0123,承認申請,2024-09-07 10:23:58,EMP-015
BILL-0123,差戻,2024-09-08 06:56:09,EMP-016
BILL-0123,修正,2024-09-08 16:21:38,EMP-015
BILL-0123,再申請,2024-09-08 19:37:01,EMP-015
BILL-0123,承認完了,2024-09-09 15:59:37,EMP-016
BILL-0123,送付,2024-09-09 21:27:04,EMP-015
BILL-0123,入金確認,2024-09-29 21:27:04,SYSTEM
BILL-0124,請求書作成,2024-02-15 04:39:00,EMP-015
BILL-0124,承認申請,2024-02-15 17:19:27,EMP-015
BILL-0124,承認完了,2024-02-16 18:30:02,EMP-016
BILL-0124,送付,2024-02-16 23:21:54,EMP-015
BILL-0124,入金確認,2024-02-26 23:21:54,SYSTEM
BILL-0125,請求書作成,2024-09-30 06:46:00,EMP-015
BILL-0125,承認申請,2024-09-30 18:13:43,EMP-015
BILL-0125,承認完了,2024-10-01 02:47:30,EMP-016
BILL-0125,送付,2024-10-01 09:47:28,EMP-015
BILL-0125,入金確認,2024-10-23 09:47:28,SYSTEM
BILL-0126,請求書作成,2024-12-12 00:40:00,EMP-015
BILL-0126,承認申請,2024-12-12 19:20:19,EMP-015
BILL-0126,承認完了,2024-12-13 12:23:21,EMP-016
BILL-0126,送付,2024-12-13 16:15:42,EMP-015
BILL-0126,入金確認,2024-12-29 16:15:42,SYSTEM
BILL-0127,請求書作成,2024-09-14 18:19:00,EMP-015
BILL-0127,承認申請,2024-09-15 01:39:25,EMP-015
BILL-0127,承認完了,2024-09-16 18:36:38,EMP-016
BILL-0127,送付,2024-09-16 22:21:20,EMP-015
BILL-0127,入金確認,2024-11-11 22:21:20,SYSTEM
BILL-0128,請求書作成,2024-11-01 16:21:00,EMP-015
BILL-0128,承認申請,2024-11-02 05:01:23,EMP-015
BILL-0128,差戻,2024-11-03 16:29:40,EMP-016
BILL-0128,修正,2024-11-04 08:26:53,EMP-015
BILL-0128,再申請,2024-11-04 13:23:21,EMP-015
BILL-0128,承認完了,2024-11-05 09:23:27,EMP-016
BILL-0128,送付,2024-11-05 12:22:49,EMP-015
BILL-0128,入金確認,2024-12-10 12:22:49,SYSTEM
BILL-0129,請求書作成,2024-04-26 07:46:00,EMP-015
BILL-0129,承認申請,2024-04-27 07:27:51,EMP-015
BILL-0129,差戻,2024-04-27 23:54:42,EMP-016
BILL-0129,修正,2024-04-28 09:58:02,EMP-015
BILL-0129,再申請,2024-04-28 12:42:23,EMP-015
BILL-0129,承認完了,2024-04-29 08:05:03,EMP-016
BILL-0129,送付,2024-04-29 14:50:13,EMP-015
BILL-0129,入金確認,2024-06-02 14:50:13,SYSTEM
BILL-0130,請求書作成,2024-09-30 19:03:00,EMP-015
BILL-0130,承認申請,2024-10-01 10:55:42,EMP-015
BILL-0130,差戻,2024-10-01 20:50:48,EMP-016
BILL-0130,修正,2024-10-02 10:52:49,EMP-015
BILL-0130,再申請,2024-10-02 13:10:11,EMP-015
BILL-0130,承認完了,2024-10-02 23:01:20,EMP-016
BILL-0130,送付,2024-10-03 03:41:17,EMP-015
BILL-0130,入金確認,2024-10-20 03:41:17,SYSTEM
BILL-0131,請求書作成,2024-05-09 15:44:00,EMP-015
BILL-0131,承認申請,2024-05-09 22:47:45,EMP-015
BILL-0131,承認完了,2024-05-11 10:36:12,EMP-016
BILL-0131,送付,2024-05-11 14:24:36,EMP-015
BILL-0131,入金確認,2024-07-02 14:24:36,SYSTEM
BILL-0132,請求書作成,2024-12-05 16:17:00,EMP-015
BILL-0132,承認申請,2024-12-06 08:44:21,EMP-015
BILL-0132,承認完了,2024-12-07 20:46:06,EMP-016
BILL-0132,送付,2024-12-08 04:09:36,EMP-015
BILL-0132,入金確認,2025-01-19 04:09:36,SYSTEM
BILL-0133,請求書作成,2024-05-24 03:50:00,EMP-015
BILL-0133,承認申請,2024-05-24 09:57:30,EMP-015
BILL-0133,差戻,2024-05-25 01:54:16,EMP-016
BILL-0133,修正,2024-05-25 09:03:37,EMP-015
BILL-0133,再申請,2024-05-25 14:11:57,EMP-015
BILL-0133,承認完了,2024-05-26 01:25:33,EMP-016
BILL-0133,送付,2024-05-26 07:38:48,EMP-015
BILL-0133,入金確認,2024-06-23 07:38:48,SYSTEM
BILL-0134,請求書作成,2024-01-21 17:31:00,EMP-015
BILL-0134,承認申請,2024-01-22 15:43:25,EMP-015
BILL-0134,承認完了,2024-01-24 03:15:07,EMP-016
BILL-0134,送付,2024-01-24 06:39:32,EMP-015
BILL-0134,入金確認,2024-02-03 06:39:32,SYSTEM
BILL-0135,請求書作成,2024-02-26 18:42:00,EMP-015
BILL-0135,承認申請,2024-02-27 08:34:55,EMP-015
BILL-0135,承認完了,2024-02-29 06:33:35,EMP-016
BILL-0135,送付,2024-02-29 09:00:36,EMP-015
BILL-0135,入金確認,2024-04-25 09:00:36,SYSTEM
BILL-0136,請求書作成,2024-05-11 20:14:00,EMP-015
BILL-0136,承認申請,2024-05-12 09:22:06,EMP-015
BILL-0136,承認完了,2024-05-14 08:27:35,EMP-016
BILL-0136,送付,2024-05-14 10:45:37,EMP-015
BILL-0136,入金確認,2024-06-04 10:45:37,SYSTEM
BILL-0137,請求書作成,2024-05-28 11:51:00,EMP-015
BILL-0137,承認申請,2024-05-29 05:23:07,EMP-015
BILL-0137,差戻,2024-05-30 06:25:30,EMP-016
BILL-0137,修正,2024-05-30 20:38:24,EMP-015
BILL-0137,再申請,2024-05-31 03:58:54,EMP-015
BILL-0137,承認完了,2024-05-31 12:08:11,EMP-016
BILL-0137,送付,2024-05-31 14:58:01,EMP-015
BILL-0137,入金確認,2024-07-21 14:58:01,SYSTEM
BILL-0138,請求書作成,2024-06-17 11:57:00,EMP-015
BILL-0138,承認申請,2024-06-18 00:42:15,EMP-015
BILL-0138,承認完了,2024-06-19 09:34:35,EMP-016
BILL-0138,送付,2024-06-19 12:08:03,EMP-015
BILL-0138,入金確認,2024-07-20 12:08:03,SYSTEM
BILL-0139,請求書作成,2024-02-28 12:25:00,EMP-015
BILL-0139,承認申請,2024-02-29 11:39:46,EMP-015
BILL-0139,承認完了,2024-03-01 06:32:10,EMP-016
BILL-0139,送付,2024-03-01 13:38:24,EMP-015
BILL-0139,入金確認,2024-04-06 13:38:24,SYSTEM
BILL-0140,請求書作成,2024-02-27 04:44:00,EMP-015
BILL-0140,承認申請,2024-02-27 23:15:41,EMP-015
BILL-0140,承認完了,2024-02-29 22:31:27,EMP-016
BILL-0140,送付,2024-03-01 01:08:47,EMP-015
BILL-0140,入金確認,2024-04-17 01:08:47,SYSTEM
BILL-0141,請求書作成,2024-10-18 21:28:00,EMP-015
BILL-0141,承認申請,2024-10-19 05:05:30,EMP-015
BILL-0141,承認完了,2024-10-20 04:16:54,EMP-016
BILL-0141,送付,2024-10-20 06:27:17,EMP-015
BILL-0141,入金確認,2024-12-12 06:27:17,SYSTEM
BILL-0142,請求書作成,2024-09-04 15:07:00,EMP-015
BILL-0142,承認申請,2024-09-05 12:52:06,EMP-015
BILL-0142,差戻,2024-09-06 14:29:45,EMP-016
BILL-0142,修正,2024-09-07 02:21:20,EMP-015
BILL-0142,再申請,2024-09-07 04:25:47,EMP-015
BILL-0142,承認完了,2024-09-08 02:19:23,EMP-016
BILL-0142,送付,2024-09-08 07:28:19,EMP-015
BILL-0142,入金確認,2024-11-04 07:28:19,SYSTEM
BILL-0143,請求書作成,2024-10-16 07:42:00,EMP-015
BILL-0143,承認申請,2024-10-17 05:09:46,EMP-015
BILL-0143,承認完了,2024-10-18 09:55:36,EMP-016
BILL-0143,送付,2024-10-18 15:38:10,EMP-015
BILL-0143,入金確認,2024-11-24 15:38:10,SYSTEM
BILL-0144,請求書作成,2024-09-03 11:42:00,EMP-015
BILL-0144,承認申請,2024-09-04 05:13:33,EMP-015
BILL-0144,承認完了,2024-09-05 04:37:15,EMP-016
BILL-0144,送付,2024-09-05 09:58:15,EMP-015
BILL-0144,入金確認,2024-10-24 09:58:15,SYSTEM
BILL-0145,請求書作成,2024-01-06 20:59:00,EMP-015
BILL-0145,承認申請,2024-01-07 04:07:18,EMP-015
BILL-0145,承認完了,2024-01-08 22:04:32,EMP-016
BILL-0145,送付,2024-01-09 05:17:31,EMP-015
BILL-0145,入金確認,2024-01-23 05:17:31,SYSTEM
BILL-0146,請求書作成,2024-06-13 07:21:00,EMP-015
BILL-0146,承認申請,2024-06-14 06:45:10,EMP-015
BILL-0146,承認完了,2024-06-14 16:46:00,EMP-016
BILL-0146,送付,2024-06-14 22:37:36,EMP-015
BILL-0146,入金確認,2024-07-19 22:37:36,SYSTEM
BILL-0147,請求書作成,2024-02-10 14:28:00,EMP-015
BILL-0147,承認申請,2024-02-11 10:29:30,EMP-015
BILL-0147,承認完了,2024-02-12 12:24:57,EMP-016
BILL-0147,送付,2024-02-12 17:05:53,EMP-015
BILL-0147,入金確認,2024-02-29 17:05:53,SYSTEM
BILL-0148,請求書作成,2024-11-30 00:06:00,EMP-015
BILL-0148,承認申請,2024-11-30 12:10:07,EMP-015
BILL-0148,承認完了,2024-11-30 21:36:07,EMP-016
BILL-0148,送付,2024-12-01 04:33:27,EMP-015
BILL-0148,入金確認,2025-01-30 04:33:27,SYSTEM
BILL-0149,請求書作成,2024-09-17 17:13:00,EMP-015
BILL-0149,承認申請,2024-09-18 10:18:30,EMP-015
BILL-0149,承認完了,2024-09-19 12:33:24,EMP-016
BILL-0149,送付,2024-09-19 19:30:31,EMP-015
BILL-0149,入金確認,2024-10-13 19:30:31,SYSTEM
BILL-0150,請求書作成,2024-06-18 17:49:00,EMP-015
BILL-0150,承認申請,2024-06-19 10:12:42,EMP-015
BILL-0150,承認完了,2024-06-20 13:08:13,EMP-016
BILL-0150,送付,2024-06-20 19:25:57,EMP-015
BILL-0150,入金確認,2024-07-07 19:25:57,SYSTEM
BILL-0151,請求書作成,2024-12-03 07:00:00,EMP-015
BILL-0151,承認申請,2024-12-03 17:49:37,EMP-015
BILL-0151,承認完了,2024-12-05 11:01:20,EMP-016
BILL-0151,送付,2024-12-05 14:46:27,EMP-015
BILL-0151,入金確認,2025-01-17 14:46:27,SYSTEM
BILL-0152,請求書作成,2024-12-25 03:02:00,EMP-015
BILL-0152,承認申請,2024-12-26 00:58:15,EMP-015
BILL-0152,承認完了,2024-12-27 04:40:03,EMP-016
BILL-0152,送付,2024-12-27 11:07:22,EMP-015
BILL-0152,入金確認,2025-02-01 11:07:22,SYSTEM
BILL-0153,請求書作成,2024-05-10 19:12:00,EMP-015
BILL-0153,承認申請,2024-05-11 02:57:03,EMP-015
BILL-0153,承認完了,2024-05-13 00:09:34,EMP-016
BILL-0153,送付,2024-05-13 04:54:06,EMP-015
BILL-0153,入金確認,2024-07-12 04:54:06,SYSTEM
BILL-0154,請求書作成,2024-06-22 03:48:00,EMP-015
BILL-0154,承認申請,2024-06-22 16:05:21,EMP-015
BILL-0154,承認完了,2024-06-24 13:09:16,EMP-016
BILL-0154,送付,2024-06-24 18:41:14,EMP-015
BILL-0154,入金確認,2024-08-22 18:41:14,SYSTEM
BILL-0155,請求書作成,2024-08-22 21:37:00,EMP-015
BILL-0155,承認申請,2024-08-23 20:44:25,EMP-015
BILL-0155,承認完了,2024-08-24 10:07:33,EMP-016
BILL-0155,送付,2024-08-24 15:18:29,EMP-015
BILL-0155,入金確認,2024-09-06 15:18:29,SYSTEM
BILL-0156,請求書作成,2024-08-09 18:30:00,EMP-015
BILL-0156,承認申請,2024-08-10 16:59:14,EMP-015
BILL-0156,承認完了,2024-08-12 08:13:50,EMP-016
BILL-0156,送付,2024-08-12 14:22:53,EMP-015
BILL-0156,入金確認,2024-09-02 14:22:53,SYSTEM
BILL-0157,請求書作成,2024-02-23 12:42:00,EMP-015
BILL-0157,承認申請,2024-02-24 04:42:39,EMP-015
BILL-0157,承認完了,2024-02-26 00:01:07,EMP-016
BILL-0157,送付,2024-02-26 04:19:36,EMP-015
BILL-0157,入金確認,2024-04-14 04:19:36,SYSTEM
BILL-0158,請求書作成,2024-05-20 12:21:00,EMP-015
BILL-0158,承認申請,2024-05-21 11:45:35,EMP-015
BILL-0158,差戻,2024-05-22 13:52:25,EMP-016
BILL-0158,修正,2024-05-22 22:49:35,EMP-015
BILL-0158,再申請,2024-05-23 05:01:36,EMP-015
BILL-0158,承認完了,2024-05-24 01:00:05,EMP-016
BILL-0158,送付,2024-05-24 04:47:42,EMP-015
BILL-0158,入金確認,2024-07-17 04:47:42,SYSTEM
BILL-0159,請求書作成,2024-06-09 22:47:00,EMP-015
BILL-0159,承認申請,2024-06-10 21:29:36,EMP-015
BILL-0159,承認完了,2024-06-12 06:47:48,EMP-016
BILL-0159,送付,2024-06-12 12:32:30,EMP-015
BILL-0159,入金確認,2024-07-10 12:32:30,SYSTEM
BILL-0160,請求書作成,2024-12-10 04:45:00,EMP-015
BILL-0160,承認申請,2024-12-10 21:45:06,EMP-015
BILL-0160,承認完了,2024-12-12 20:05:05,EMP-016
BILL-0160,送付,2024-12-13 02:15:02,EMP-015
BILL-0160,入金確認,2025-01-12 02:15:02,SYSTEM
BILL-0161,請求書作成,2024-06-29 17:30:00,EMP-015
BILL-0161,承認申請,2024-06-30 09:09:22,EMP-015
BILL-0161,承認完了,2024-07-02 06:51:47,EMP-016
BILL-0161,送付,2024-07-02 12:54:30,EMP-015
BILL-0161,入金確認,2024-08-15 12:54:30,SYSTEM
BILL-0162,請求書作成,2024-08-04 00:33:00,EMP-015
BILL-0162,承認申請,2024-08-04 06:40:45,EMP-015
BILL-0162,差戻,2024-08-05 05:54:51,EMP-016
BILL-0162,修正,2024-08-05 10:35:36,EMP-015
BILL-0162,再申請,2024-08-05 14:11:43,EMP-015
BILL-0162,承認完了,2024-08-06 10:45:49,EMP-016
BILL-0162,送付,2024-08-06 18:39:54,EMP-015
BILL-0162,入金確認,2024-09-28 18:39:54,SYSTEM
BILL-0163,請求書作成,2024-03-15 01:44:00,EMP-015
BILL-0163,承認申請,2024-03-15 21:25:13,EMP-015
BILL-0163,承認完了,2024-03-16 13:34:49,EMP-016
BILL-0163,送付,2024-03-16 17:43:57,EMP-015
BILL-0163,入金確認,2024-04-23 17:43:57,SYSTEM
BILL-0164,請求書作成,2024-11-11 21:47:00,EMP-015
BILL-0164,承認申請,2024-11-12 13:01:15,EMP-015
BILL-0164,承認完了,2024-11-13 05:59:35,EMP-016
BILL-0164,送付,2024-11-13 10:19:35,EMP-015
BILL-0164,入金確認,2024-12-25 10:19:35,SYSTEM
BILL-0165,請求書作成,2024-12-20 21:03:00,EMP-015
BILL-0165,承認申請,2024-12-21 19:34:46,EMP-015
BILL-0165,承認完了,2024-12-22 19:04:54,EMP-016
BILL-0165,送付,2024-12-23 02:56:12,EMP-015
BILL-0165,入金確認,2025-01-22 02:56:12,SYSTEM
BILL-0166,請求書作成,2024-01-28 00:47:00,EMP-015
BILL-0166,承認申請,2024-01-28 09:48:36,EMP-015
BILL-0166,承認完了,2024-01-29 18:37:57,EMP-016
BILL-0166,送付,2024-01-30 01:51:11,EMP-015
BILL-0166,入金確認,2024-02-23 01:51:11,SYSTEM
BILL-0167,請求書作成,2024-10-28 17:47:00,EMP-015
BILL-0167,承認申請,2024-10-29 09:51:03,EMP-015
BILL-0167,承認完了,2024-10-31 00:53:48,EMP-016
BILL-0167,送付,2024-10-31 04:39:43,EMP-015
BILL-0167,入金確認,2024-11-21 04:39:43,SYSTEM
BILL-0168,請求書作成,2024-04-05 05:47:00,EMP-015
BILL-0168,承認申請,2024-04-05 20:03:36,EMP-015
BILL-0168,承認完了,2024-04-06 19:08:53,EMP-016
BILL-0168,送付,2024-04-07 00:29:16,EMP-015
BILL-0168,入金確認,2024-04-25 00:29:16,SYSTEM
BILL-0169,請求書作成,2024-10-26 08:00:00,EMP-015
BILL-0169,承認申請,2024-10-26 18:36:40,EMP-015
BILL-0169,差戻,2024-10-28 06:59:55,EMP-016
BILL-0169,修正,2024-10-28 12:50:35,EMP-015
BILL-0169,再申請,2024-10-28 16:46:44,EMP-015
BILL-0169,承認完了,2024-10-29 01:35:33,EMP-016
BILL-0169,送付,2024-10-29 09:11:13,EMP-015
BILL-0169,入金確認,2024-12-17 09:11:13,SYSTEM
BILL-0170,請求書作成,2024-09-08 18:35:00,EMP-015
BILL-0170,承認申請,2024-09-09 05:44:42,EMP-015
BILL-0170,承認完了,2024-09-10 21:06:22,EMP-016
BILL-0170,送付,2024-09-11 00:25:33,EMP-015
BILL-0170,入金確認,2024-10-02 00:25:33,SYSTEM
BILL-0171,請求書作成,2024-02-04 16:10:00,EMP-015
BILL-0171,承認申請,2024-02-05 04:29:07,EMP-015
BILL-0171,差戻,2024-02-06 09:58:00,EMP-016
BILL-0171,修正,2024-02-06 16:37:15,EMP-015
BILL-0171,再申請,2024-02-06 19:54:04,EMP-015
BILL-0171,承認完了,2024-02-07 09:12:40,EMP-016
BILL-0171,送付,2024-02-07 13:22:34,EMP-015
BILL-0171,入金確認,2024-03-01 13:22:34,SYSTEM
BILL-0172,請求書作成,2024-08-31 17:52:00,EMP-015
BILL-0172,承認申請,2024-09-01 12:54:33,EMP-015
BILL-0172,差戻,2024-09-02 22:52:52,EMP-016
BILL-0172,修正,2024-09-03 07:02:00,EMP-015
BILL-0172,再申請,2024-09-03 10:28:31,EMP-015
BILL-0172,承認完了,2024-09-04 04:45:06,EMP-016
BILL-0172,送付,2024-09-04 12:15:48,EMP-015
BILL-0172,入金確認,2024-09-29 12:15:48,SYSTEM
BILL-0173,請求書作成,2024-12-15 10:24:00,EMP-015
BILL-0173,承認申請,2024-12-16 08:43:07,EMP-015
BILL-0173,承認完了,2024-12-18 06:31:05,EMP-016
BILL-0173,送付,2024-12-18 11:45:34,EMP-015
BILL-0173,入金確認,2025-01-15 11:45:34,SYSTEM
BILL-0174,請求書作成,2024-09-21 11:32:00,EMP-015
BILL-0174,承認申請,2024-09-22 07:35:22,EMP-015
BILL-0174,差戻,2024-09-23 09:24:42,EMP-016
BILL-0174,修正,2024-09-24 00:11:28,EMP-015
BILL-0174,再申請,2024-09-24 03:20:47,EMP-015
BILL-0174,承認完了,2024-09-24 19:34:07,EMP-016
BILL-0174,送付,2024-09-25 03:15:28,EMP-015
BILL-0174,入金確認,2024-10-15 03:15:28,SYSTEM
BILL-0175,請求書作成,2024-09-30 00:40:00,EMP-015
BILL-0175,承認申請,2024-09-30 05:58:33,EMP-015
BILL-0175,承認完了,2024-10-01 16:47:22,EMP-016
BILL-0175,送付,2024-10-01 23:58:45,EMP-015
BILL-0175,入金確認,2024-11-07 23:58:45,SYSTEM
BILL-0176,請求書作成,2024-04-15 17:53:00,EMP-015
BILL-0176,承認申請,2024-04-16 11:56:17,EMP-015
BILL-0176,承認完了,2024-04-18 10:59:13,EMP-016
BILL-0176,送付,2024-04-18 16:51:59,EMP-015
BILL-0176,入金確認,2024-05-02 16:51:59,SYSTEM
BILL-0177,請求書作成,2024-01-13 14:45:00,EMP-015
BILL-0177,承認申請,2024-01-14 01:23:03,EMP-015
BILL-0177,差戻,2024-01-14 12:53:06,EMP-016
BILL-0177,修正,2024-01-15 02:24:56,EMP-015
BILL-0177,再申請,2024-01-15 07:45:51,EMP-015
BILL-0177,承認完了,2024-01-16 00:57:49,EMP-016
BILL-0177,送付,2024-01-16 04:19:46,EMP-015
BILL-0177,入金確認,2024-02-11 04:19:46,SYSTEM
BILL-0178,請求書作成,2024-07-17 14:40:00,EMP-015
BILL-0178,承認申請,2024-07-18 02:45:20,EMP-015
BILL-0178,承認完了,2024-07-18 23:24:42,EMP-016
BILL-0178,送付,2024-07-19 02:07:17,EMP-015
BILL-0178,入金確認,2024-07-29 02:07:17,SYSTEM
BILL-0179,請求書作成,2024-10-26 01:44:00,EMP-015
BILL-0179,承認申請,2024-10-26 22:41:54,EMP-015
BILL-0179,承認完了,2024-10-27 21:00:22,EMP-016
BILL-0179,送付,2024-10-28 00:44:43,EMP-015
BILL-0179,入金確認,2024-12-20 00:44:43,SYSTEM
BILL-0180,請求書作成,2024-11-06 02:18:00,EMP-015
BILL-0180,承認申請,2024-11-06 21:36:19,EMP-015
BILL-0180,承認完了,2024-11-07 23:06:45,EMP-016
BILL-0180,送付,2024-11-08 05:04:36,EMP-015
BILL-0180,入金確認,2024-12-18 05:04:36,SYSTEM
