incident_id,status,reported_at,assigned_to
INC-0001,インシデント報告,2024-08-21 17:09:00,SYSTEM
INC-0001,サポート割当,2024-08-21 17:25:17,EMP-014
INC-0001,初期調査,2024-08-21 19:25:11,EMP-013
INC-0001,解決策適用,2024-08-22 00:25:23,EMP-013
INC-0001,検証,2024-08-22 01:01:40,EMP-020
INC-0001,クローズ,2024-08-22 04:31:06,SYSTEM
INC-0002,インシデント報告,2024-06-23 16:17:00,SYSTEM
INC-0002,サポート割当,2024-06-23 16:38:16,EMP-014
INC-0002,初期調査,2024-06-23 17:53:03,EMP-013
INC-0002,解決策適用,2024-06-24 17:51:36,EMP-013
INC-0002,検証,2024-06-24 19:05:40,EMP-020
INC-0002,クローズ,2024-06-24 21:28:46,SYSTEM
INC-0003,インシデント報告,2024-06-25 10:35:00,SYSTEM
INC-0003,サポート割当,2024-06-25 11:05:35,EMP-014
INC-0003,初期調査,2024-06-25 12:23:51,EMP-013
INC-0003,エスカレーション,2024-06-25 15:29:24,EMP-014
INC-0003,解決策適用,2024-06-26 06:04:10,EMP-013
INC-0003,検証,2024-06-26 06:55:11,EMP-020
INC-0003,クローズ,2024-06-26 07:34:21,SYSTEM
INC-0004,インシデント報告,2024-08-30 22:58:00,SYSTEM
INC-0004,サポート割当,2024-08-30 23:24:50,EMP-014
INC-0004,初期調査,2024-08-31 01:34:24,EMP-013
INC-0004,解決策適用,2024-09-01 01:09:04,EMP-013
INC-0004,検証,2024-09-01 02:23:39,EMP-020
INC-0004,再オープン,2024-09-01 06:54:37,SYSTEM
INC-0004,解決策適用,2024-09-01 17:59:33,EMP-013
INC-0004,検証,2024-09-01 19:47:49,EMP-020
INC-0004,クローズ,2024-09-01 23:21:24,SYSTEM
INC-0005,インシデント報告,2024-08-13 03:33:00,SYSTEM
INC-0005,サポート割当,2024-08-13 03:39:49,EMP-014
INC-0005,初期調査,2024-08-13 04:31:27,EMP-013
INC-0005,解決策適用,2024-08-14 03:51:47,EMP-013
INC-0005,検証,2024-08-14 04:28:31,EMP-020
INC-0005,クローズ,2024-08-14 05:54:11,SYSTEM
INC-0006,インシデント報告,2024-11-15 22:25:00,SYSTEM
INC-0006,サポート割当,2024-11-15 23:16:59,EMP-014
INC-0006,初期調査,2024-11-16 01:54:50,EMP-013
INC-0006,解決策適用,2024-11-16 12:16:27,EMP-013
INC-0006,検証,2024-11-16 13:14:57,EMP-020
INC-0006,クローズ,2024-11-16 16:24:25,SYSTEM
INC-0007,インシデント報告,2024-10-04 01:39:00,SYSTEM
INC-0007,サポート割当,2024-10-04 01:57:40,EMP-014
INC-0007,初期調査,2024-10-04 04:10:20,EMP-013
INC-0007,エスカレーション,2024-10-04 05:51:17,EMP-014
INC-0007,解決策適用,2024-10-04 09:50:35,EMP-013
INC-0007,検証,2024-10-04 11:48:38,EMP-020
INC-0007,クローズ,2024-10-04 14:46:27,SYSTEM
INC-0008,インシデント報告,2024-02-21 14:10:00,SYSTEM
INC-0008,サポート割当,2024-02-21 15:04:47,EMP-014
INC-0008,初期調査,2024-02-21 15:41:41,EMP-013
INC-0008,解決策適用,2024-02-22 00:08:55,EMP-013
INC-0008,検証,2024-02-22 01:12:39,EMP-020
INC-0008,クローズ,2024-02-22 03:34:12,SYSTEM
INC-0009,インシデント報告,2024-10-16 21:50:00,SYSTEM
INC-0009,サポート割当,2024-10-16 22:05:10,EMP-014
INC-0009,初期調査,2024-10-16 22:47:01,EMP-013
INC-0009,解決策適用,2024-10-17 14:25:02,EMP-013
INC-0009,検証,2024-10-17 15:16:43,EMP-020
INC-0009,クローズ,2024-10-17 16:16:46,SYSTEM
INC-0010,インシデント報告,2024-08-24 20:16:00,SYSTEM
INC-0010,サポート割当,2024-08-24 20:35:47,EMP-014
INC-0010,初期調査,2024-08-24 21:07:11,EMP-013
INC-0010,解決策適用,2024-08-25 18:56:47,EMP-013
INC-0010,検証,2024-08-25 20:27:46,EMP-020
INC-0010,クローズ,2024-08-25 22:30:32,SYSTEM
INC-0011,インシデント報告,2024-06-25 18:19:00,SYSTEM
INC-0011,サポート割当,2024-06-25 19:02:16,EMP-014
INC-0011,初期調査,2024-06-25 20:40:48,EMP-013
INC-0011,解決策適用,2024-06-26 20:39:58,EMP-013
INC-0011,検証,2024-06-26 22:26:46,EMP-020
INC-0011,クローズ,2024-06-27 00:16:51,SYSTEM
INC-0012,インシデント報告,2024-07-02 18:18:00,SYSTEM
INC-0012,サポート割当,2024-07-02 18:25:11,EMP-014
INC-0012,初期調査,2024-07-02 20:59:41,EMP-013
INC-0012,解決策適用,2024-07-02 23:10:22,EMP-013
INC-0012,検証,2024-07-03 00:58:14,EMP-020
INC-0012,クローズ,2024-07-03 04:52:41,SYSTEM
INC-0013,インシデント報告,2024-11-06 23:31:00,SYSTEM
INC-0013,サポート割当,2024-11-07 00:18:53,EMP-014
INC-0013,初期調査,2024-11-07 01:23:24,EMP-013
INC-0013,解決策適用,2024-11-07 08:12:29,EMP-013
INC-0013,検証,2024-11-07 08:59:36,EMP-020
INC-0013,クローズ,2024-11-07 12:08:16,SYSTEM
INC-0014,インシデント報告,2024-12-03 21:53:00,SYSTEM
INC-0014,サポート割当,2024-12-03 22:32:55,EMP-014
INC-0014,初期調査,2024-12-04 01:18:26,EMP-013
INC-0014,解決策適用,2024-12-04 10:06:13,EMP-013
INC-0014,検証,2024-12-04 11:15:54,EMP-020
INC-0014,クローズ,2024-12-04 14:19:41,SYSTEM
INC-0015,インシデント報告,2024-02-16 09:20:00,SYSTEM
INC-0015,サポート割当,2024-02-16 09:35:29,EMP-014
INC-0015,初期調査,2024-02-16 10:25:18,EMP-013
INC-0015,解決策適用,2024-02-17 09:47:40,EMP-013
INC-0015,検証,2024-02-17 11:05:27,EMP-020
INC-0015,クローズ,2024-02-17 14:29:51,SYSTEM
INC-0016,インシデント報告,2024-05-11 15:51:00,SYSTEM
INC-0016,サポート割当,2024-05-11 16:37:18,EMP-014
INC-0016,初期調査,2024-05-11 17:58:07,EMP-013
INC-0016,エスカレーション,2024-05-11 21:51:26,EMP-014
INC-0016,解決策適用,2024-05-12 02:57:14,EMP-013
INC-0016,検証,2024-05-12 04:54:13,EMP-020
INC-0016,クローズ,2024-05-12 07:56:18,SYSTEM
INC-0017,インシデント報告,2024-07-22 17:23:00,SYSTEM
INC-0017,サポート割当,2024-07-22 18:11:41,EMP-014
INC-0017,初期調査,2024-07-22 18:43:47,EMP-013
INC-0017,解決策適用,2024-07-23 06:44:06,EMP-013
INC-0017,検証,2024-07-23 08:14:39,EMP-020
INC-0017,クローズ,2024-07-23 10:47:24,SYSTEM
INC-0018,インシデント報告,2024-11-22 11:06:00,SYSTEM
INC-0018,サポート割当,2024-11-22 11:37:27,EMP-014
INC-0018,初期調査,2024-11-22 13:40:23,EMP-013
INC-0018,解決策適用,2024-11-22 22:53:21,EMP-013
INC-0018,検証,2024-11-23 00:18:16,EMP-020
INC-0018,クローズ,2024-11-23 03:01:42,SYSTEM
INC-0019,インシデント報告,2024-08-25 22:19:00,SYSTEM
INC-0019,サポート割当,2024-08-25 22:31:18,EMP-014
INC-0019,初期調査,2024-08-25 23:08:06,EMP-013
INC-0019,エスカレーション,2024-08-26 03:07:22,EMP-014
INC-0019,解決策適用,2024-08-26 07:40:38,EMP-013
INC-0019,検証,2024-08-26 08:31:46,EMP-020
INC-0019,クローズ,2024-08-26 10:23:23,SYSTEM
INC-0020,インシデント報告,2024-07-08 21:47:00,SYSTEM
INC-0020,サポート割当,2024-07-08 22:24:42,EMP-014
INC-0020,初期調査,2024-07-09 00:43:42,EMP-013
INC-0020,解決策適用,2024-07-09 17:08:12,EMP-013
INC-0020,検証,2024-07-09 18:53:14,EMP-020
INC-0020,クローズ,2024-07-09 22:40:26,SYSTEM
INC-0021,インシデント報告,2024-05-23 01:44:00,SYSTEM
INC-0021,サポート割当,2024-05-23 02:01:43,EMP-014
INC-0021,初期調査,2024-05-23 03:38:26,EMP-013
INC-0021,エスカレーション,2024-05-23 05:43:43,EMP-014
INC-0021,解決策適用,2024-05-24 05:18:32,EMP-013
INC-0021,検証,2024-05-24 06:21:36,EMP-020
INC-0021,クローズ,2024-05-24 09:07:01,SYSTEM
INC-0022,インシデント報告,2024-02-01 12:17:00,SYSTEM
INC-0022,サポート割当,2024-02-01 13:15:16,EMP-014
INC-0022,初期調査,2024-02-01 16:07:38,EMP-013
INC-0022,解決策適用,2024-02-01 20:08:38,EMP-013
INC-0022,検証,2024-02-01 20:57:43,EMP-020
INC-0022,クローズ,2024-02-02 00:51:39,SYSTEM
INC-0023,インシデント報告,2024-01-26 10:15:00,SYSTEM
INC-0023,サポート割当,2024-01-26 11:03:29,EMP-014
INC-0023,初期調査,2024-01-26 12:04:16,EMP-013
INC-0023,解決策適用,2024-01-27 02:15:49,EMP-013
INC-0023,検証,2024-01-27 03:38:36,EMP-020
INC-0023,クローズ,2024-01-27 04:57:32,SYSTEM
INC-0024,インシデント報告,2024-03-16 19:00:00,SYSTEM
INC-0024,サポート割当,2024-03-16 19:52:21,EMP-014
INC-0024,初期調査,2024-03-16 20:44:03,EMP-013
INC-0024,エスカレーション,2024-03-16 22:29:10,EMP-014
INC-0024,解決策適用,2024-03-17 04:19:30,EMP-013
INC-0024,検証,2024-03-17 05:49:00,EMP-020
INC-0024,再オープン,2024-03-17 06:55:14,SYSTEM
INC-0024,解決策適用,2024-03-17 20:24:02,EMP-013
INC-0024,検証,2024-03-17 21:15:27,EMP-020
INC-0024,クローズ,2024-03-17 22:53:26,SYSTEM
INC-0025,インシデント報告,2024-03-30 08:03:00,SYSTEM
INC-0025,サポート割当,2024-03-30 08:49:03,EMP-014
INC-0025,初期調査,2024-03-30 10:37:57,EMP-013
INC-0025,解決策適用,2024-03-30 23:06:36,EMP-013
INC-0025,検証,2024-03-31 00:46:37,EMP-020
INC-0025,クローズ,2024-03-31 01:39:31,SYSTEM
INC-0026,インシデント報告,2024-09-14 07:39:00,SYSTEM
INC-0026,サポート割当,2024-09-14 08:24:16,EMP-014
INC-0026,初期調査,2024-09-14 11:10:35,EMP-013
INC-0026,解決策適用,2024-09-14 19:48:44,EMP-013
INC-0026,検証,2024-09-14 21:16:38,EMP-020
INC-0026,再オープン,2024-09-15 05:16:02,SYSTEM
INC-0026,解決策適用,2024-09-15 19:26:05,EMP-013
INC-0026,検証,2024-09-15 20:34:27,EMP-020
INC-0026,クローズ,2024-09-15 21:27:08,SYSTEM
INC-0027,インシデント報告,2024-12-30 14:04:00,SYSTEM
INC-0027,サポート割当,2024-12-30 14:27:23,EMP-014
INC-0027,初期調査,2024-12-30 15:19:38,EMP-013
INC-0027,エスカレーション,2024-12-30 18:12:01,EMP-014
INC-0027,解決策適用,2024-12-31 09:04:42,EMP-013
INC-0027,検証,2024-12-31 10:38:47,EMP-020
INC-0027,クローズ,2024-12-31 13:14:14,SYSTEM
INC-0028,インシデント報告,2024-05-30 14:32:00,SYSTEM
INC-0028,サポート割当,2024-05-30 14:43:21,EMP-014
INC-0028,初期調査,2024-05-30 16:58:37,EMP-013
INC-0028,解決策適用,2024-05-31 09:17:49,EMP-013
INC-0028,検証,2024-05-31 10:57:02,EMP-020
INC-0028,クローズ,2024-05-31 12:12:11,SYSTEM
INC-0029,インシデント報告,2024-08-19 07:26:00,SYSTEM
INC-0029,サポート割当,2024-08-19 08:16:40,EMP-014
INC-0029,初期調査,2024-08-19 09:46:29,EMP-013
INC-0029,解決策適用,2024-08-19 18:39:03,EMP-013
INC-0029,検証,2024-08-19 19:37:10,EMP-020
INC-0029,クローズ,2024-08-19 23:27:26,SYSTEM
INC-0030,インシデント報告,2024-12-17 15:04:00,SYSTEM
INC-0030,サポート割当,2024-12-17 15:54:54,EMP-014
INC-0030,初期調査,2024-12-17 16:38:54,EMP-013
INC-0030,エスカレーション,2024-12-17 19:51:53,EMP-014
INC-0030,解決策適用,2024-12-18 15:43:25,EMP-013
INC-0030,検証,2024-12-18 17:03:29,EMP-020
INC-0030,クローズ,2024-12-18 19:31:25,SYSTEM
INC-0031,インシデント報告,2024-06-17 21:07:00,SYSTEM
INC-0031,サポート割当,2024-06-17 21:32:05,EMP-014
INC-0031,初期調査,2024-06-17 23:41:53,EMP-013
INC-0031,解決策適用,2024-06-18 20:47:46,EMP-013
INC-0031,検証,2024-06-18 22:22:40,EMP-020
INC-0031,クローズ,2024-06-19 00:58:45,SYSTEM
INC-0032,インシデント報告,2024-06-29 03:36:00,SYSTEM
INC-0032,サポート割当,2024-06-29 03:50:21,EMP-014
INC-0032,初期調査,2024-06-29 05:32:41,EMP-013
INC-0032,解決策適用,2024-06-29 15:14:50,EMP-013
INC-0032,検証,2024-06-29 16:34:53,EMP-020
INC-0032,クローズ,2024-06-29 18:03:23,SYSTEM
INC-0033,インシデント報告,2024-04-25 13:54:00,SYSTEM
INC-0033,サポート割当,2024-04-25 14:32:53,EMP-014
INC-0033,初期調査,2024-04-25 16:41:33,EMP-013
INC-0033,解決策適用,2024-04-25 19:19:46,EMP-013
INC-0033,検証,2024-04-25 20:14:22,EMP-020
INC-0033,クローズ,2024-04-25 23:57:53,SYSTEM
INC-0034,インシデント報告,2024-06-28 00:11:00,SYSTEM
INC-0034,サポート割当,2024-06-28 00:47:34,EMP-014
INC-0034,初期調査,2024-06-28 02:17:41,EMP-013
INC-0034,エスカレーション,2024-06-28 05:11:40,EMP-014
INC-0034,解決策適用,2024-06-28 07:52:08,EMP-013
INC-0034,検証,2024-06-28 09:29:17,EMP-020
INC-0034,クローズ,2024-06-28 11:27:27,SYSTEM
INC-0035,インシデント報告,2024-06-23 05:23:00,SYSTEM
INC-0035,サポート割当,2024-06-23 06:07:57,EMP-014
INC-0035,初期調査,2024-06-23 08:34:29,EMP-013
INC-0035,解決策適用,2024-06-23 12:26:38,EMP-013
INC-0035,検証,2024-06-23 13:01:22,EMP-020
INC-0035,クローズ,2024-06-23 15:41:06,SYSTEM
INC-0036,インシデント報告,2024-12-11 02:17:00,SYSTEM
INC-0036,サポート割当,2024-12-11 02:58:44,EMP-014
INC-0036,初期調査,2024-12-11 04:41:35,EMP-013
INC-0036,解決策適用,2024-12-11 12:42:10,EMP-013
INC-0036,検証,2024-12-11 14:20:07,EMP-020
INC-0036,クローズ,2024-12-11 16:20:24,SYSTEM
INC-0037,インシデント報告,2024-05-25 21:43:00,SYSTEM
INC-0037,サポート割当,2024-05-25 22:17:27,EMP-014
INC-0037,初期調査,2024-05-25 23:33:43,EMP-013
INC-0037,エスカレーション,2024-05-26 03:30:55,EMP-014
INC-0037,解決策適用,2024-05-26 06:43:13,EMP-013
INC-0037,検証,2024-05-26 07:31:37,EMP-020
INC-0037,クローズ,2024-05-26 10:42:46,SYSTEM
INC-0038,インシデント報告,2024-05-10 09:20:00,SYSTEM
INC-0038,サポート割当,2024-05-10 09:26:25,EMP-014
INC-0038,初期調査,2024-05-10 11:48:28,EMP-013
INC-0038,エスカレーション,2024-05-10 13:56:54,EMP-014
INC-0038,解決策適用,2024-05-11 07:25:45,EMP-013
INC-0038,検証,2024-05-11 08:40:46,EMP-020
INC-0038,クローズ,2024-05-11 12:00:04,SYSTEM
INC-0039,インシデント報告,2024-02-06 12:55:00,SYSTEM
INC-0039,サポート割当,2024-02-06 13:24:33,EMP-014
INC-0039,初期調査,2024-02-06 15:03:31,EMP-013
INC-0039,エスカレーション,2024-02-06 16:59:52,EMP-014
INC-0039,解決策適用,2024-02-07 04:26:31,EMP-013
INC-0039,検証,2024-02-07 05:32:55,EMP-020
INC-0039,クローズ,2024-02-07 07:03:43,SYSTEM
INC-0040,インシデント報告,2024-07-26 00:20:00,SYSTEM
INC-0040,サポート割当,2024-07-26 01:09:16,EMP-014
INC-0040,初期調査,2024-07-26 03:11:59,EMP-013
INC-0040,解決策適用,2024-07-27 01:26:05,EMP-013
INC-0040,検証,2024-07-27 02:04:01,EMP-020
INC-0040,クローズ,2024-07-27 03:25:06,SYSTEM
INC-0041,インシデント報告,2024-10-28 12:33:00,SYSTEM
INC-0041,サポート割当,2024-10-28 13:00:22,EMP-014
INC-0041,初期調査,2024-10-28 14:16:54,EMP-013
INC-0041,解決策適用,2024-10-28 23:36:33,EMP-013
INC-0041,検証,2024-10-29 00:21:41,EMP-020
INC-0041,クローズ,2024-10-29 01:15:38,SYSTEM
INC-0042,インシデント報告,2024-09-18 06:57:00,SYSTEM
INC-0042,サポート割当,2024-09-18 07:21:57,EMP-014
INC-0042,初期調査,2024-09-18 10:15:41,EMP-013
INC-0042,解決策適用,2024-09-18 15:30:38,EMP-013
INC-0042,検証,2024-09-18 16:09:53,EMP-020
INC-0042,クローズ,2024-09-18 17:16:19,SYSTEM
INC-0043,インシデント報告,2024-03-19 20:04:00,SYSTEM
INC-0043,サポート割当,2024-03-19 21:01:22,EMP-014
INC-0043,初期調査,2024-03-19 23:05:33,EMP-013
INC-0043,解決策適用,2024-03-20 13:29:41,EMP-013
INC-0043,検証,2024-03-20 14:51:50,EMP-020
INC-0043,クローズ,2024-03-20 18:27:04,SYSTEM
INC-0044,インシデント報告,2024-11-25 20:39:00,SYSTEM
INC-0044,サポート割当,2024-11-25 21:31:40,EMP-014
INC-0044,初期調査,2024-11-25 23:35:45,EMP-013
INC-0044,エスカレーション,2024-11-26 00:48:02,EMP-014
INC-0044,解決策適用,2024-11-26 12:31:45,EMP-013
INC-0044,検証,2024-11-26 13:29:00,EMP-020
INC-0044,クローズ,2024-11-26 14:10:48,SYSTEM
INC-0045,インシデント報告,2024-09-16 02:19:00,SYSTEM
INC-0045,サポート割当,2024-09-16 02:49:24,EMP-014
INC-0045,初期調査,2024-09-16 03:27:56,EMP-013
INC-0045,解決策適用,2024-09-16 07:09:13,EMP-013
INC-0045,検証,2024-09-16 08:57:00,EMP-020
INC-0045,クローズ,2024-09-16 11:36:09,SYSTEM
INC-0046,インシデント報告,2024-09-16 12:29:00,SYSTEM
INC-0046,サポート割当,2024-09-16 12:59:17,EMP-014
INC-0046,初期調査,2024-09-16 15:30:45,EMP-013
INC-0046,解決策適用,2024-09-17 00:35:10,EMP-013
INC-0046,検証,2024-09-17 01:47:58,EMP-020
INC-0046,クローズ,2024-09-17 02:30:58,SYSTEM
INC-0047,インシデント報告,2024-02-22 10:45:00,SYSTEM
INC-0047,サポート割当,2024-02-22 11:18:14,EMP-014
INC-0047,初期調査,2024-02-22 12:14:07,EMP-013
INC-0047,エスカレーション,2024-02-22 14:32:55,EMP-014
INC-0047,解決策適用,2024-02-23 02:12:57,EMP-013
INC-0047,検証,2024-02-23 03:30:00,EMP-020
INC-0047,クローズ,2024-02-23 05:18:18,SYSTEM
INC-0048,インシデント報告,2024-05-24 12:26:00,SYSTEM
INC-0048,サポート割当,2024-05-24 13:08:39,EMP-014
INC-0048,初期調査,2024-05-24 13:46:30,EMP-013
INC-0048,解決策適用,2024-05-24 23:08:15,EMP-013
INC-0048,検証,2024-05-25 00:07:55,EMP-020
INC-0048,クローズ,2024-05-25 01:59:06,SYSTEM
INC-0049,インシデント報告,2024-05-09 23:54:00,SYSTEM
INC-0049,サポート割当,2024-05-10 00:18:00,EMP-014
INC-0049,初期調査,2024-05-10 02:15:24,EMP-013
INC-0049,エスカレーション,2024-05-10 04:18:22,EMP-014
INC-0049,解決策適用,2024-05-11 03:35:44,EMP-013
INC-0049,検証,2024-05-11 05:08:36,EMP-020
INC-0049,クローズ,2024-05-11 07:43:33,SYSTEM
INC-0050,インシデント報告,2024-02-13 09:35:00,SYSTEM
INC-0050,サポート割当,2024-02-13 10:15:44,EMP-014
INC-0050,初期調査,2024-02-13 11:35:01,EMP-013
INC-0050,エスカレーション,2024-02-13 14:41:31,EMP-014
INC-0050,解決策適用,2024-02-14 13:31:42,EMP-013
INC-0050,検証,2024-02-14 15:31:27,EMP-020
INC-0050,クローズ,2024-02-14 16:21:04,SYSTEM
INC-0051,インシデント報告,2024-12-09 13:32:00,SYSTEM
INC-0051,サポート割当,2024-12-09 13:38:59,EMP-014
INC-0051,初期調査,2024-12-09 14:55:18,EMP-013
INC-0051,解決策適用,2024-12-10 00:26:24,EMP-013
INC-0051,検証,2024-12-10 02:05:21,EMP-020
INC-0051,クローズ,2024-12-10 06:05:21,SYSTEM
INC-0052,インシデント報告,2024-03-20 02:18:00,SYSTEM
INC-0052,サポート割当,2024-03-20 02:51:24,EMP-014
INC-0052,初期調査,2024-03-20 04:42:22,EMP-013
INC-0052,解決策適用,2024-03-20 18:17:24,EMP-013
INC-0052,検証,2024-03-20 19:46:58,EMP-020
INC-0052,クローズ,2024-03-20 22:26:45,SYSTEM
INC-0053,インシデント報告,2024-11-01 12:09:00,SYSTEM
INC-0053,サポート割当,2024-11-01 12:24:45,EMP-014
INC-0053,初期調査,2024-11-01 14:38:41,EMP-013
INC-0053,解決策適用,2024-11-02 12:30:11,EMP-013
INC-0053,検証,2024-11-02 14:05:06,EMP-020
INC-0053,再オープン,2024-11-02 17:38:06,SYSTEM
INC-0053,解決策適用,2024-11-03 06:16:12,EMP-013
INC-0053,検証,2024-11-03 08:13:28,EMP-020
INC-0053,クローズ,2024-11-03 10:51:42,SYSTEM
INC-0054,インシデント報告,2024-08-17 07:34:00,SYSTEM
INC-0054,サポート割当,2024-08-17 07:56:42,EMP-014
INC-0054,初期調査,2024-08-17 10:28:00,EMP-013
INC-0054,解決策適用,2024-08-18 06:50:21,EMP-013
INC-0054,検証,2024-08-18 07:53:27,EMP-020
INC-0054,クローズ,2024-08-18 11:50:11,SYSTEM
INC-0055,インシデント報告,2024-08-24 09:49:00,SYSTEM
INC-0055,サポート割当,2024-08-24 10:22:09,EMP-014
INC-0055,初期調査,2024-08-24 11:54:57,EMP-013
INC-0055,エスカレーション,2024-08-24 13:30:54,EMP-014
INC-0055,解決策適用,2024-08-25 04:49:03,EMP-013
INC-0055,検証,2024-08-25 06:37:37,EMP-020
INC-0055,再オープン,2024-08-25 10:59:28,SYSTEM
INC-0055,解決策適用,2024-08-25 19:26:44,EMP-013
INC-0055,検証,2024-08-25 21:20:50,EMP-020
INC-0055,クローズ,2024-08-26 00:20:13,SYSTEM
INC-0056,インシデント報告,2024-09-21 03:18:00,SYSTEM
INC-0056,サポート割当,2024-09-21 04:05:12,EMP-014
INC-0056,初期調査,2024-09-21 05:16:07,EMP-013
INC-0056,解決策適用,2024-09-21 10:30:37,EMP-013
INC-0056,検証,2024-09-21 11:39:59,EMP-020
INC-0056,クローズ,2024-09-21 12:56:37,SYSTEM
INC-0057,インシデント報告,2024-08-18 11:59:00,SYSTEM
INC-0057,サポート割当,2024-08-18 12:27:24,EMP-014
INC-0057,初期調査,2024-08-18 13:56:52,EMP-013
INC-0057,解決策適用,2024-08-19 00:26:36,EMP-013
INC-0057,検証,2024-08-19 01:03:57,EMP-020
INC-0057,クローズ,2024-08-19 02:40:52,SYSTEM
INC-0058,インシデント報告,2024-02-20 22:41:00,SYSTEM
INC-0058,サポート割当,2024-02-20 23:29:44,EMP-014
INC-0058,初期調査,2024-02-21 00:20:22,EMP-013
INC-0058,エスカレーション,2024-02-21 03:49:43,EMP-014
INC-0058,解決策適用,2024-02-21 21:08:32,EMP-013
INC-0058,検証,2024-02-21 21:51:02,EMP-020
INC-0058,クローズ,2024-02-21 23:55:14,SYSTEM
INC-0059,インシデント報告,2024-01-03 02:01:00,SYSTEM
INC-0059,サポート割当,2024-01-03 02:18:38,EMP-014
INC-0059,初期調査,2024-01-03 03:11:04,EMP-013
INC-0059,解決策適用,2024-01-03 18:34:47,EMP-013
INC-0059,検証,2024-01-03 19:42:53,EMP-020
INC-0059,クローズ,2024-01-03 21:02:47,SYSTEM
INC-0060,インシデント報告,2024-03-03 01:15:00,SYSTEM
INC-0060,サポート割当,2024-03-03 01:55:30,EMP-014
INC-0060,初期調査,2024-03-03 03:58:55,EMP-013
INC-0060,エスカレーション,2024-03-03 07:29:31,EMP-014
INC-0060,解決策適用,2024-03-03 20:29:18,EMP-013
INC-0060,検証,2024-03-03 21:47:32,EMP-020
INC-0060,クローズ,2024-03-04 00:18:18,SYSTEM
INC-0061,インシデント報告,2024-03-14 09:27:00,SYSTEM
INC-0061,サポート割当,2024-03-14 10:06:11,EMP-014
INC-0061,初期調査,2024-03-14 11:12:17,EMP-013
INC-0061,解決策適用,2024-03-15 03:49:15,EMP-013
INC-0061,検証,2024-03-15 04:26:57,EMP-020
INC-0061,クローズ,2024-03-15 05:11:10,SYSTEM
INC-0062,インシデント報告,2024-09-26 17:32:00,SYSTEM
INC-0062,サポート割当,2024-09-26 17:59:05,EMP-014
INC-0062,初期調査,2024-09-26 19:39:36,EMP-013
INC-0062,解決策適用,2024-09-27 19:14:34,EMP-013
INC-0062,検証,2024-09-27 20:07:24,EMP-020
INC-0062,再オープン,2024-09-28 02:38:35,SYSTEM
INC-0062,解決策適用,2024-09-28 10:46:50,EMP-013
INC-0062,検証,2024-09-28 12:22:48,EMP-020
INC-0062,クローズ,2024-09-28 15:04:44,SYSTEM
INC-0063,インシデント報告,2024-10-24 23:48:00,SYSTEM
INC-0063,サポート割当,2024-10-25 00:01:12,EMP-014
INC-0063,初期調査,2024-10-25 01:24:02,EMP-013
INC-0063,解決策適用,2024-10-25 17:32:32,EMP-013
INC-0063,検証,2024-10-25 19:17:16,EMP-020
INC-0063,クローズ,2024-10-25 23:13:14,SYSTEM
INC-0064,インシデント報告,2024-09-02 20:11:00,SYSTEM
INC-0064,サポート割当,2024-09-02 20:20:24,EMP-014
INC-0064,初期調査,2024-09-02 22:46:50,EMP-013
INC-0064,解決策適用,2024-09-03 07:14:10,EMP-013
INC-0064,検証,2024-09-03 07:48:07,EMP-020
INC-0064,クローズ,2024-09-03 08:26:55,SYSTEM
INC-0065,インシデント報告,2024-06-07 16:25:00,SYSTEM
INC-0065,サポート割当,2024-06-07 16:44:40,EMP-014
INC-0065,初期調査,2024-06-07 19:07:40,EMP-013
INC-0065,エスカレーション,2024-06-07 21:11:55,EMP-014
INC-0065,解決策適用,2024-06-08 16:22:38,EMP-013
INC-0065,検証,2024-06-08 18:10:33,EMP-020
INC-0065,クローズ,2024-06-08 19:06:42,SYSTEM
INC-0066,インシデント報告,2024-07-07 13:56:00,SYSTEM
INC-0066,サポート割当,2024-07-07 14:42:08,EMP-014
INC-0066,初期調査,2024-07-07 17:26:20,EMP-013
INC-0066,解決策適用,2024-07-08 16:51:38,EMP-013
INC-0066,検証,2024-07-08 18:06:18,EMP-020
INC-0066,クローズ,2024-07-08 21:50:24,SYSTEM
INC-0067,インシデント報告,2024-09-22 08:51:00,SYSTEM
INC-0067,サポート割当,2024-09-22 09:36:15,EMP-014
INC-0067,初期調査,2024-09-22 10:18:06,EMP-013
INC-0067,解決策適用,2024-09-23 06:23:35,EMP-013
INC-0067,検証,2024-09-23 07:42:41,EMP-020
INC-0067,クローズ,2024-09-23 08:29:29,SYSTEM
INC-0068,インシデント報告,2024-12-04 09:19:00,SYSTEM
INC-0068,サポート割当,2024-12-04 09:57:32,EMP-014
INC-0068,初期調査,2024-12-04 11:31:27,EMP-013
INC-0068,解決策適用,2024-12-04 21:15:30,EMP-013
INC-0068,検証,2024-12-04 21:49:18,EMP-020
INC-0068,クローズ,2024-12-04 23:33:21,SYSTEM
INC-0069,インシデント報告,2024-08-10 08:40:00,SYSTEM
INC-0069,サポート割当,2024-08-10 08:50:03,EMP-014
INC-0069,初期調査,2024-08-10 10:55:40,EMP-013
INC-0069,解決策適用,2024-08-11 06:33:07,EMP-013
INC-0069,検証,2024-08-11 08:04:16,EMP-020
INC-0069,クローズ,2024-08-11 09:04:15,SYSTEM
INC-0070,インシデント報告,2024-11-07 21:50:00,SYSTEM
INC-0070,サポート割当,2024-11-07 21:57:52,EMP-014
INC-0070,初期調査,2024-11-07 22:37:57,EMP-013
INC-0070,解決策適用,2024-11-08 08:41:31,EMP-013
INC-0070,検証,2024-11-08 09:45:58,EMP-020
INC-0070,クローズ,2024-11-08 12:23:02,SYSTEM
INC-0071,インシデント報告,2024-12-13 14:23:00,SYSTEM
INC-0071,サポート割当,2024-12-13 14:52:58,EMP-014
INC-0071,初期調査,2024-12-13 15:34:30,EMP-013
INC-0071,エスカレーション,2024-12-13 17:40:33,EMP-014
INC-0071,解決策適用,2024-12-14 02:35:32,EMP-013
INC-0071,検証,2024-12-14 03:30:37,EMP-020
INC-0071,クローズ,2024-12-14 04:06:04,SYSTEM
INC-0072,インシデント報告,2024-04-05 15:33:00,SYSTEM
INC-0072,サポート割当,2024-04-05 16:28:19,EMP-014
INC-0072,初期調査,2024-04-05 17:15:59,EMP-013
INC-0072,解決策適用,2024-04-06 10:45:19,EMP-013
INC-0072,検証,2024-04-06 11:34:38,EMP-020
INC-0072,クローズ,2024-04-06 14:30:22,SYSTEM
INC-0073,インシデント報告,2024-09-08 06:07:00,SYSTEM
INC-0073,サポート割当,2024-09-08 06:59:03,EMP-014
INC-0073,初期調査,2024-09-08 08:36:51,EMP-013
INC-0073,解決策適用,2024-09-08 20:24:24,EMP-013
INC-0073,検証,2024-09-08 21:02:18,EMP-020
INC-0073,クローズ,2024-09-09 00:29:51,SYSTEM
INC-0074,インシデント報告,2024-06-12 21:22:00,SYSTEM
INC-0074,サポート割当,2024-06-12 21:57:41,EMP-014
INC-0074,初期調査,2024-06-12 23:11:15,EMP-013
INC-0074,エスカレーション,2024-06-13 00:39:36,EMP-014
INC-0074,解決策適用,2024-06-13 18:16:13,EMP-013
INC-0074,検証,2024-06-13 19:49:14,EMP-020
INC-0074,クローズ,2024-06-13 21:35:09,SYSTEM
INC-0075,インシデント報告,2024-04-24 03:12:00,SYSTEM
INC-0075,サポート割当,2024-04-24 03:30:47,EMP-014
INC-0075,初期調査,2024-04-24 05:14:53,EMP-013
INC-0075,解決策適用,2024-04-24 19:50:17,EMP-013
INC-0075,検証,2024-04-24 21:02:21,EMP-020
INC-0075,クローズ,2024-04-24 21:59:36,SYSTEM
INC-0076,インシデント報告,2024-02-14 02:19:00,SYSTEM
INC-0076,サポート割当,2024-02-14 03:18:58,EMP-014
INC-0076,初期調査,2024-02-14 05:36:48,EMP-013
INC-0076,解決策適用,2024-02-15 00:32:06,EMP-013
INC-0076,検証,2024-02-15 02:16:12,EMP-020
INC-0076,再オープン,2024-02-15 10:04:36,SYSTEM
INC-0076,解決策適用,2024-02-15 21:47:05,EMP-013
INC-0076,検証,2024-02-15 22:57:35,EMP-020
INC-0076,クローズ,2024-02-16 01:50:24,SYSTEM
INC-0077,インシデント報告,2024-06-25 04:56:00,SYSTEM
INC-0077,サポート割当,2024-06-25 05:43:27,EMP-014
INC-0077,初期調査,2024-06-25 06:32:48,EMP-013
INC-0077,解決策適用,2024-06-26 03:38:51,EMP-013
INC-0077,検証,2024-06-26 05:23:40,EMP-020
INC-0077,クローズ,2024-06-26 06:57:32,SYSTEM
INC-0078,インシデント報告,2024-03-23 10:59:00,SYSTEM
INC-0078,サポート割当,2024-03-23 11:23:41,EMP-014
INC-0078,初期調査,2024-03-23 14:14:49,EMP-013
INC-0078,解決策適用,2024-03-24 10:51:27,EMP-013
INC-0078,検証,2024-03-24 11:44:00,EMP-020
INC-0078,クローズ,2024-03-24 14:09:41,SYSTEM
INC-0079,インシデント報告,2024-03-05 20:19:00,SYSTEM
INC-0079,サポート割当,2024-03-05 20:52:08,EMP-014
INC-0079,初期調査,2024-03-05 21:47:26,EMP-013
INC-0079,解決策適用,2024-03-06 03:10:58,EMP-013
INC-0079,検証,2024-03-06 04:40:15,EMP-020
INC-0079,クローズ,2024-03-06 07:17:20,SYSTEM
INC-0080,インシデント報告,2024-10-15 01:52:00,SYSTEM
INC-0080,サポート割当,2024-10-15 02:02:23,EMP-014
INC-0080,初期調査,2024-10-15 04:54:40,EMP-013
INC-0080,解決策適用,2024-10-15 12:44:00,EMP-013
INC-0080,検証,2024-10-15 13:32:59,EMP-020
INC-0080,クローズ,2024-10-15 16:12:47,SYSTEM
INC-0081,インシデント報告,2024-01-16 15:56:00,SYSTEM
INC-0081,サポート割当,2024-01-16 16:36:39,EMP-014
INC-0081,初期調査,2024-01-16 17:51:58,EMP-013
INC-0081,エスカレーション,2024-01-16 21:17:17,EMP-014
INC-0081,解決策適用,2024-01-17 08:13:20,EMP-013
INC-0081,検証,2024-01-17 09:24:09,EMP-020
INC-0081,クローズ,2024-01-17 10:27:21,SYSTEM
INC-0082,インシデント報告,2024-07-31 15:29:00,SYSTEM
INC-0082,サポート割当,2024-07-31 15:53:22,EMP-014
INC-0082,初期調査,2024-07-31 16:44:55,EMP-013
INC-0082,解決策適用,2024-08-01 01:46:25,EMP-013
INC-0082,検証,2024-08-01 03:45:20,EMP-020
INC-0082,クローズ,2024-08-01 05:39:04,SYSTEM
INC-0083,インシデント報告,2024-07-08 16:35:00,SYSTEM
INC-0083,サポート割当,2024-07-08 16:58:13,EMP-014
INC-0083,初期調査,2024-07-08 18:38:12,EMP-013
INC-0083,エスカレーション,2024-07-08 20:22:49,EMP-014
INC-0083,解決策適用,2024-07-09 00:30:37,EMP-013
INC-0083,検証,2024-07-09 01:26:44,EMP-020
INC-0083,クローズ,2024-07-09 04:05:58,SYSTEM
INC-0084,インシデント報告,2024-05-07 05:52:00,SYSTEM
INC-0084,サポート割当,2024-05-07 06:48:25,EMP-014
INC-0084,初期調査,2024-05-07 09:06:35,EMP-013
INC-0084,エスカレーション,2024-05-07 10:35:16,EMP-014
INC-0084,解決策適用,2024-05-08 10:29:57,EMP-013
INC-0084,検証,2024-05-08 11:41:57,EMP-020
INC-0084,クローズ,2024-05-08 13:56:24,SYSTEM
INC-0085,インシデント報告,2024-02-16 12:32:00,SYSTEM
INC-0085,サポート割当,2024-02-16 13:30:12,EMP-014
INC-0085,初期調査,2024-02-16 14:32:28,EMP-013
INC-0085,解決策適用,2024-02-16 17:39:11,EMP-013
INC-0085,検証,2024-02-16 18:53:43,EMP-020
INC-0085,クローズ,2024-02-16 21:41:07,SYSTEM
INC-0086,インシデント報告,2024-08-28 09:34:00,SYSTEM
INC-0086,サポート割当,2024-08-28 10:25:44,EMP-014
INC-0086,初期調査,2024-08-28 12:00:23,EMP-013
INC-0086,解決策適用,2024-08-29 06:00:41,EMP-013
INC-0086,検証,2024-08-29 07:39:26,EMP-020
INC-0086,クローズ,2024-08-29 09:33:33,SYSTEM
INC-0087,インシデント報告,2024-10-18 17:12:00,SYSTEM
INC-0087,サポート割当,2024-10-18 17:47:52,EMP-014
INC-0087,初期調査,2024-10-18 18:28:54,EMP-013
INC-0087,解決策適用,2024-10-19 13:17:55,EMP-013
INC-0087,検証,2024-10-19 14:13:05,EMP-020
INC-0087,クローズ,2024-10-19 17:05:58,SYSTEM
INC-0088,インシデント報告,2024-03-01 04:06:00,SYSTEM
INC-0088,サポート割当,2024-03-01 04:32:09,EMP-014
INC-0088,初期調査,2024-03-01 07:30:10,EMP-013
INC-0088,解決策適用,2024-03-01 17:32:46,EMP-013
INC-0088,検証,2024-03-01 18:15:45,EMP-020
INC-0088,クローズ,2024-03-01 20:10:02,SYSTEM
INC-0089,インシデント報告,2024-01-21 01:02:00,SYSTEM
INC-0089,サポート割当,2024-01-21 01:46:32,EMP-014
INC-0089,初期調査,2024-01-21 04:17:07,EMP-013
INC-0089,解決策適用,2024-01-21 09:33:43,EMP-013
INC-0089,検証,2024-01-21 11:24:06,EMP-020
INC-0089,クローズ,2024-01-21 15:09:41,SYSTEM
INC-0090,インシデント報告,2024-06-12 05:25:00,SYSTEM
INC-0090,サポート割当,2024-06-12 06:03:03,EMP-014
INC-0090,初期調査,2024-06-12 07:49:09,EMP-013
INC-0090,解決策適用,2024-06-12 20:35:45,EMP-013
INC-0090,検証,2024-06-12 21:56:25,EMP-020
INC-0090,クローズ,2024-06-12 22:29:54,SYSTEM
INC-0091,インシデント報告,2024-06-18 21:07:00,SYSTEM
INC-0091,サポート割当,2024-06-18 21:44:31,EMP-014
INC-0091,初期調査,2024-06-19 00:14:01,EMP-013
INC-0091,解決策適用,2024-06-19 17:22:15,EMP-013
INC-0091,検証,2024-06-19 17:54:38,EMP-020
INC-0091,クローズ,2024-06-19 21:47:44,SYSTEM
INC-0092,インシデント報告,2024-10-23 18:14:00,SYSTEM
INC-0092,サポート割当,2024-10-23 18:51:30,EMP-014
INC-0092,初期調査,2024-10-23 19:47:05,EMP-013
INC-0092,解決策適用,2024-10-24 11:25:08,EMP-013
INC-0092,検証,2024-10-24 13:10:50,EMP-020
INC-0092,クローズ,2024-10-24 16:03:47,SYSTEM
INC-0093,インシデント報告,2024-01-17 18:44:00,SYSTEM
INC-0093,サポート割当,2024-01-17 19:00:18,EMP-014
INC-0093,初期調査,2024-01-17 20:36:27,EMP-013
INC-0093,解決策適用,2024-01-18 07:41:33,EMP-013
INC-0093,検証,2024-01-18 08:29:54,EMP-020
INC-0093,クローズ,2024-01-18 11:08:19,SYSTEM
INC-0094,インシデント報告,2024-08-29 23:46:00,SYSTEM
INC-0094,サポート割当,2024-08-30 00:30:06,EMP-014
INC-0094,初期調査,2024-08-30 02:17:54,EMP-013
INC-0094,解決策適用,2024-08-31 02:15:26,EMP-013
INC-0094,検証,2024-08-31 03:28:29,EMP-020
INC-0094,クローズ,2024-08-31 07:19:23,SYSTEM
INC-0095,インシデント報告,2024-08-23 17:21:00,SYSTEM
INC-0095,サポート割当,2024-08-23 18:03:29,EMP-014
INC-0095,初期調査,2024-08-23 20:43:38,EMP-013
INC-0095,解決策適用,2024-08-24 16:24:27,EMP-013
INC-0095,検証,2024-08-24 17:18:15,EMP-020
INC-0095,クローズ,2024-08-24 21:09:17,SYSTEM
INC-0096,インシデント報告,2024-05-22 17:19:00,SYSTEM
INC-0096,サポート割当,2024-05-22 18:15:50,EMP-014
INC-0096,初期調査,2024-05-22 21:13:10,EMP-013
INC-0096,解決策適用,2024-05-23 14:43:38,EMP-013
INC-0096,検証,2024-05-23 16:15:46,EMP-020
INC-0096,クローズ,2024-05-23 18:26:31,SYSTEM
INC-0097,インシデント報告,2024-10-13 23:17:00,SYSTEM
INC-0097,サポート割当,2024-10-13 23:29:34,EMP-014
INC-0097,初期調査,2024-10-14 01:41:04,EMP-013
INC-0097,解決策適用,2024-10-15 01:14:53,EMP-013
INC-0097,検証,2024-10-15 02:58:32,EMP-020
INC-0097,クローズ,2024-10-15 06:17:30,SYSTEM
INC-0098,インシデント報告,2024-05-28 01:18:00,SYSTEM
INC-0098,サポート割当,2024-05-28 01:42:42,EMP-014
INC-0098,初期調査,2024-05-28 03:19:03,EMP-013
INC-0098,エスカレーション,2024-05-28 05:45:17,EMP-014
INC-0098,解決策適用,2024-05-28 12:12:01,EMP-013
INC-0098,検証,2024-05-28 13:30:29,EMP-020
INC-0098,クローズ,2024-05-28 16:26:41,SYSTEM
INC-0099,インシデント報告,2024-03-11 03:39:00,SYSTEM
INC-0099,サポート割当,2024-03-11 03:58:05,EMP-014
INC-0099,初期調査,2024-03-11 06:08:34,EMP-013
INC-0099,解決策適用,2024-03-11 22:10:39,EMP-013
INC-0099,検証,2024-03-11 22:45:22,EMP-020
INC-0099,クローズ,2024-03-12 01:46:01,SYSTEM
INC-0100,インシデント報告,2024-02-21 21:49:00,SYSTEM
INC-0100,サポート割当,2024-02-21 21:55:16,EMP-014
INC-0100,初期調査,2024-02-21 23:47:49,EMP-013
INC-0100,解決策適用,2024-02-22 10:44:57,EMP-013
INC-0100,検証,2024-02-22 12:39:06,EMP-020
INC-0100,クローズ,2024-02-22 14:49:22,SYSTEM
INC-0101,インシデント報告,2024-04-12 09:20:00,SYSTEM
INC-0101,サポート割当,2024-04-12 10:00:52,EMP-014
INC-0101,初期調査,2024-04-12 12:47:04,EMP-013
INC-0101,エスカレーション,2024-04-12 15:30:24,EMP-014
INC-0101,解決策適用,2024-04-13 05:16:48,EMP-013
INC-0101,検証,2024-04-13 06:51:53,EMP-020
INC-0101,クローズ,2024-04-13 10:33:40,SYSTEM
INC-0102,インシデント報告,2024-03-30 13:56:00,SYSTEM
INC-0102,サポート割当,2024-03-30 14:52:25,EMP-014
INC-0102,初期調査,2024-03-30 15:27:52,EMP-013
INC-0102,解決策適用,2024-03-31 10:47:59,EMP-013
INC-0102,検証,2024-03-31 11:34:45,EMP-020
INC-0102,クローズ,2024-03-31 15:07:56,SYSTEM
INC-0103,インシデント報告,2024-05-28 01:00:00,SYSTEM
INC-0103,サポート割当,2024-05-28 01:36:40,EMP-014
INC-0103,初期調査,2024-05-28 02:22:45,EMP-013
INC-0103,解決策適用,2024-05-28 10:38:23,EMP-013
INC-0103,検証,2024-05-28 12:37:24,EMP-020
INC-0103,クローズ,2024-05-28 14:51:07,SYSTEM
INC-0104,インシデント報告,2024-03-09 16:29:00,SYSTEM
INC-0104,サポート割当,2024-03-09 16:45:24,EMP-014
INC-0104,初期調査,2024-03-09 17:32:18,EMP-013
INC-0104,エスカレーション,2024-03-09 19:54:54,EMP-014
INC-0104,解決策適用,2024-03-10 03:34:30,EMP-013
INC-0104,検証,2024-03-10 04:21:15,EMP-020
INC-0104,クローズ,2024-03-10 07:37:19,SYSTEM
INC-0105,インシデント報告,2024-10-17 21:48:00,SYSTEM
INC-0105,サポート割当,2024-10-17 22:03:28,EMP-014
INC-0105,初期調査,2024-10-18 00:41:53,EMP-013
INC-0105,解決策適用,2024-10-18 20:53:31,EMP-013
INC-0105,検証,2024-10-18 22:09:54,EMP-020
INC-0105,再オープン,2024-10-19 03:50:59,SYSTEM
INC-0105,解決策適用,2024-10-19 10:04:01,EMP-013
INC-0105,検証,2024-10-19 10:46:41,EMP-020
INC-0105,クローズ,2024-10-19 12:24:38,SYSTEM
INC-0106,インシデント報告,2024-05-07 00:16:00,SYSTEM
INC-0106,サポート割当,2024-05-07 00:34:43,EMP-014
INC-0106,初期調査,2024-05-07 02:57:46,EMP-013
INC-0106,解決策適用,2024-05-07 11:36:21,EMP-013
INC-0106,検証,2024-05-07 13:11:24,EMP-020
INC-0106,再オープン,2024-05-07 18:45:57,SYSTEM
INC-0106,解決策適用,2024-05-08 07:04:44,EMP-013
INC-0106,検証,2024-05-08 07:40:20,EMP-020
INC-0106,クローズ,2024-05-08 08:35:10,SYSTEM
INC-0107,インシデント報告,2024-06-06 05:25:00,SYSTEM
INC-0107,サポート割当,2024-06-06 06:08:16,EMP-014
INC-0107,初期調査,2024-06-06 08:14:04,EMP-013
INC-0107,解決策適用,2024-06-06 18:19:14,EMP-013
INC-0107,検証,2024-06-06 19:09:07,EMP-020
INC-0107,クローズ,2024-06-06 21:19:32,SYSTEM
INC-0108,インシデント報告,2024-08-20 23:38:00,SYSTEM
INC-0108,サポート割当,2024-08-21 00:06:27,EMP-014
INC-0108,初期調査,2024-08-21 01:58:50,EMP-013
INC-0108,解決策適用,2024-08-21 15:48:21,EMP-013
INC-0108,検証,2024-08-21 17:18:07,EMP-020
INC-0108,クローズ,2024-08-21 18:40:06,SYSTEM
INC-0109,インシデント報告,2024-11-01 02:33:00,SYSTEM
INC-0109,サポート割当,2024-11-01 03:07:31,EMP-014
INC-0109,初期調査,2024-11-01 04:31:47,EMP-013
INC-0109,解決策適用,2024-11-01 08:59:54,EMP-013
INC-0109,検証,2024-11-01 10:44:29,EMP-020
INC-0109,クローズ,2024-11-01 11:56:56,SYSTEM
INC-0110,インシデント報告,2024-10-01 04:10:00,SYSTEM
INC-0110,サポート割当,2024-10-01 05:02:08,EMP-014
INC-0110,初期調査,2024-10-01 06:38:25,EMP-013
INC-0110,解決策適用,2024-10-02 00:24:45,EMP-013
INC-0110,検証,2024-10-02 01:38:44,EMP-020
INC-0110,クローズ,2024-10-02 03:42:17,SYSTEM
INC-0111,インシデント報告,2024-01-29 14:08:00,SYSTEM
INC-0111,サポート割当,2024-01-29 14:38:40,EMP-014
INC-0111,初期調査,2024-01-29 15:17:19,EMP-013
INC-0111,解決策適用,2024-01-30 11:02:27,EMP-013
INC-0111,検証,2024-01-30 12:37:33,EMP-020
INC-0111,クローズ,2024-01-30 15:59:00,SYSTEM
INC-0112,インシデント報告,2024-04-21 18:04:00,SYSTEM
INC-0112,サポート割当,2024-04-21 18:32:52,EMP-014
INC-0112,初期調査,2024-04-21 20:47:56,EMP-013
INC-0112,解決策適用,2024-04-22 00:07:28,EMP-013
INC-0112,検証,2024-04-22 01:57:57,EMP-020
INC-0112,クローズ,2024-04-22 04:07:05,SYSTEM
INC-0113,インシデント報告,2024-05-26 13:11:00,SYSTEM
INC-0113,サポート割当,2024-05-26 13:58:21,EMP-014
INC-0113,初期調査,2024-05-26 16:55:06,EMP-013
INC-0113,解決策適用,2024-05-27 04:09:58,EMP-013
INC-0113,検証,2024-05-27 06:09:20,EMP-020
INC-0113,クローズ,2024-05-27 09:41:57,SYSTEM
INC-0114,インシデント報告,2024-07-12 12:05:00,SYSTEM
INC-0114,サポート割当,2024-07-12 12:46:17,EMP-014
INC-0114,初期調査,2024-07-12 14:08:27,EMP-013
INC-0114,エスカレーション,2024-07-12 16:45:09,EMP-014
INC-0114,解決策適用,2024-07-13 06:23:14,EMP-013
INC-0114,検証,2024-07-13 07:58:44,EMP-020
INC-0114,クローズ,2024-07-13 08:29:28,SYSTEM
INC-0115,インシデント報告,2024-01-12 09:29:00,SYSTEM
INC-0115,サポート割当,2024-01-12 10:03:43,EMP-014
INC-0115,初期調査,2024-01-12 12:37:13,EMP-013
INC-0115,エスカレーション,2024-01-12 14:39:32,EMP-014
INC-0115,解決策適用,2024-01-12 22:43:23,EMP-013
INC-0115,検証,2024-01-13 00:37:45,EMP-020
INC-0115,クローズ,2024-01-13 01:31:27,SYSTEM
INC-0116,インシデント報告,2024-12-04 13:39:00,SYSTEM
INC-0116,サポート割当,2024-12-04 13:57:59,EMP-014
INC-0116,初期調査,2024-12-04 14:38:05,EMP-013
INC-0116,解決策適用,2024-12-05 02:27:23,EMP-013
INC-0116,検証,2024-12-05 03:57:52,EMP-020
INC-0116,クローズ,2024-12-05 05:19:16,SYSTEM
INC-0117,インシデント報告,2024-01-23 12:28:00,SYSTEM
INC-0117,サポート割当,2024-01-23 13:03:08,EMP-014
INC-0117,初期調査,2024-01-23 15:26:18,EMP-013
INC-0117,解決策適用,2024-01-23 20:31:17,EMP-013
INC-0117,検証,2024-01-23 22:30:41,EMP-020
INC-0117,クローズ,2024-01-24 02:13:08,SYSTEM
INC-0118,インシデント報告,2024-10-21 10:36:00,SYSTEM
INC-0118,サポート割当,2024-10-21 10:54:47,EMP-014
INC-0118,初期調査,2024-10-21 13:36:13,EMP-013
INC-0118,解決策適用,2024-10-22 03:04:16,EMP-013
INC-0118,検証,2024-10-22 04:11:30,EMP-020
INC-0118,クローズ,2024-10-22 06:38:24,SYSTEM
INC-0119,インシデント報告,2024-10-29 23:58:00,SYSTEM
INC-0119,サポート割当,2024-10-30 00:37:48,EMP-014
INC-0119,初期調査,2024-10-30 02:11:53,EMP-013
INC-0119,解決策適用,2024-10-31 01:35:18,EMP-013
INC-0119,検証,2024-10-31 03:30:02,EMP-020
INC-0119,クローズ,2024-10-31 06:45:04,SYSTEM
INC-0120,インシデント報告,2024-06-12 22:26:00,SYSTEM
INC-0120,サポート割当,2024-06-12 22:40:03,EMP-014
INC-0120,初期調査,2024-06-13 00:06:31,EMP-013
INC-0120,解決策適用,2024-06-13 12:31:34,EMP-013
INC-0120,検証,2024-06-13 14:18:00,EMP-020
INC-0120,クローズ,2024-06-13 17:16:36,SYSTEM
INC-0121,インシデント報告,2024-08-25 01:35:00,SYSTEM
INC-0121,サポート割当,2024-08-25 02:33:15,EMP-014
INC-0121,初期調査,2024-08-25 04:26:51,EMP-013
INC-0121,エスカレーション,2024-08-25 06:10:34,EMP-014
INC-0121,解決策適用,2024-08-25 12:38:58,EMP-013
INC-0121,検証,2024-08-25 14:07:10,EMP-020
INC-0121,クローズ,2024-08-25 17:35:04,SYSTEM
INC-0122,インシデント報告,2024-02-17 17:46:00,SYSTEM
INC-0122,サポート割当,2024-02-17 17:54:46,EMP-014
INC-0122,初期調査,2024-02-17 19:21:21,EMP-013
INC-0122,解決策適用,2024-02-17 22:13:33,EMP-013
INC-0122,検証,2024-02-17 22:50:06,EMP-020
INC-0122,クローズ,2024-02-18 01:23:30,SYSTEM
INC-0123,インシデント報告,2024-12-09 17:13:00,SYSTEM
INC-0123,サポート割当,2024-12-09 17:30:16,EMP-014
INC-0123,初期調査,2024-12-09 20:16:20,EMP-013
INC-0123,解決策適用,2024-12-10 18:16:12,EMP-013
INC-0123,検証,2024-12-10 19:05:16,EMP-020
INC-0123,クローズ,2024-12-10 22:10:58,SYSTEM
INC-0124,インシデント報告,2024-09-02 07:44:00,SYSTEM
INC-0124,サポート割当,2024-09-02 08:11:25,EMP-014
INC-0124,初期調査,2024-09-02 09:17:19,EMP-013
INC-0124,解決策適用,2024-09-02 17:30:57,EMP-013
INC-0124,検証,2024-09-02 18:42:55,EMP-020
INC-0124,クローズ,2024-09-02 20:17:41,SYSTEM
INC-0125,インシデント報告,2024-07-03 16:56:00,SYSTEM
INC-0125,サポート割当,2024-07-03 17:27:09,EMP-014
INC-0125,初期調査,2024-07-03 19:57:35,EMP-013
INC-0125,解決策適用,2024-07-04 14:42:56,EMP-013
INC-0125,検証,2024-07-04 15:41:45,EMP-020
INC-0125,クローズ,2024-07-04 17:17:28,SYSTEM
INC-0126,インシデント報告,2024-01-24 18:55:00,SYSTEM
INC-0126,サポート割当,2024-01-24 19:41:01,EMP-014
INC-0126,初期調査,2024-01-24 20:13:27,EMP-013
INC-0126,解決策適用,2024-01-25 11:04:22,EMP-013
INC-0126,検証,2024-01-25 12:39:11,EMP-020
INC-0126,クローズ,2024-01-25 13:50:23,SYSTEM
INC-0127,インシデント報告,2024-04-27 12:36:00,SYSTEM
INC-0127,サポート割当,2024-04-27 13:08:57,EMP-014
INC-0127,初期調査,2024-04-27 15:17:09,EMP-013
INC-0127,解決策適用,2024-04-27 22:56:49,EMP-013
INC-0127,検証,2024-04-28 00:40:46,EMP-020
INC-0127,クローズ,2024-04-28 03:25:31,SYSTEM
INC-0128,インシデント報告,2024-09-08 14:10:00,SYSTEM
INC-0128,サポート割当,2024-09-08 14:25:08,EMP-014
INC-0128,初期調査,2024-09-08 16:43:11,EMP-013
INC-0128,解決策適用,2024-09-09 14:53:29,EMP-013
INC-0128,検証,2024-09-09 16:12:17,EMP-020
INC-0128,クローズ,2024-09-09 16:54:37,SYSTEM
INC-0129,インシデント報告,2024-01-18 02:52:00,SYSTEM
INC-0129,サポート割当,2024-01-18 03:39:16,EMP-014
INC-0129,初期調査,2024-01-18 05:11:07,EMP-013
INC-0129,解決策適用,2024-01-18 12:16:37,EMP-013
INC-0129,検証,2024-01-18 13:50:16,EMP-020
INC-0129,再オープン,2024-01-18 18:22:40,SYSTEM
INC-0129,解決策適用,2024-01-19 02:51:22,EMP-013
INC-0129,検証,2024-01-19 04:16:59,EMP-020
INC-0129,クローズ,2024-01-19 07:07:00,SYSTEM
INC-0130,インシデント報告,2024-11-11 15:42:00,SYSTEM
INC-0130,サポート割当,2024-11-11 15:48:50,EMP-014
INC-0130,初期調査,2024-11-11 17:38:40,EMP-013
INC-0130,解決策適用,2024-11-11 20:00:45,EMP-013
INC-0130,検証,2024-11-11 21:35:45,EMP-020
INC-0130,クローズ,2024-11-11 23:05:57,SYSTEM
INC-0131,インシデント報告,2024-09-14 22:43:00,SYSTEM
INC-0131,サポート割当,2024-09-14 23:32:31,EMP-014
INC-0131,初期調査,2024-09-15 02:18:59,EMP-013
INC-0131,エスカレーション,2024-09-15 03:36:20,EMP-014
INC-0131,解決策適用,2024-09-15 08:52:52,EMP-013
INC-0131,検証,2024-09-15 09:40:09,EMP-020
INC-0131,クローズ,2024-09-15 13:01:20,SYSTEM
INC-0132,インシデント報告,2024-05-16 12:05:00,SYSTEM
INC-0132,サポート割当,2024-05-16 13:02:48,EMP-014
INC-0132,初期調査,2024-05-16 14:41:39,EMP-013
INC-0132,エスカレーション,2024-05-16 17:47:09,EMP-014
INC-0132,解決策適用,2024-05-17 02:23:07,EMP-013
INC-0132,検証,2024-05-17 04:07:38,EMP-020
INC-0132,再オープン,2024-05-17 12:04:08,SYSTEM
INC-0132,解決策適用,2024-05-17 23:52:04,EMP-013
INC-0132,検証,2024-05-18 00:24:55,EMP-020
INC-0132,クローズ,2024-05-18 02:20:02,SYSTEM
INC-0133,インシデント報告,2024-07-12 17:30:00,SYSTEM
INC-0133,サポート割当,2024-07-12 18:10:23,EMP-014
INC-0133,初期調査,2024-07-12 20:25:48,EMP-013
INC-0133,エスカレーション,2024-07-12 23:57:58,EMP-014
INC-0133,解決策適用,2024-07-13 16:09:14,EMP-013
INC-0133,検証,2024-07-13 17:09:03,EMP-020
INC-0133,クローズ,2024-07-13 21:03:34,SYSTEM
INC-0134,インシデント報告,2024-09-27 01:14:00,SYSTEM
INC-0134,サポート割当,2024-09-27 02:08:40,EMP-014
INC-0134,初期調査,2024-09-27 04:22:30,EMP-013
INC-0134,解決策適用,2024-09-27 12:20:21,EMP-013
INC-0134,検証,2024-09-27 14:13:31,EMP-020
INC-0134,クローズ,2024-09-27 15:42:24,SYSTEM
INC-0135,インシデント報告,2024-10-05 18:42:00,SYSTEM
INC-0135,サポート割当,2024-10-05 18:57:41,EMP-014
INC-0135,初期調査,2024-10-05 21:35:14,EMP-013
INC-0135,エスカレーション,2024-10-05 23:12:32,EMP-014
INC-0135,解決策適用,2024-10-06 04:22:52,EMP-013
INC-0135,検証,2024-10-06 06:06:43,EMP-020
INC-0135,クローズ,2024-10-06 09:51:47,SYSTEM
INC-0136,インシデント報告,2024-06-02 05:36:00,SYSTEM
INC-0136,サポート割当,2024-06-02 06:12:36,EMP-014
INC-0136,初期調査,2024-06-02 08:50:01,EMP-013
INC-0136,解決策適用,2024-06-02 22:43:33,EMP-013
INC-0136,検証,2024-06-02 23:48:06,EMP-020
INC-0136,クローズ,2024-06-03 03:04:06,SYSTEM
INC-0137,インシデント報告,2024-12-18 23:05:00,SYSTEM
INC-0137,サポート割当,2024-12-18 23:13:53,EMP-014
INC-0137,初期調査,2024-12-19 00:49:27,EMP-013
INC-0137,解決策適用,2024-12-19 10:19:02,EMP-013
INC-0137,検証,2024-12-19 11:58:15,EMP-020
INC-0137,クローズ,2024-12-19 13:51:33,SYSTEM
INC-0138,インシデント報告,2024-06-16 00:40:00,SYSTEM
INC-0138,サポート割当,2024-06-16 01:28:18,EMP-014
INC-0138,初期調査,2024-06-16 03:05:53,EMP-013
INC-0138,エスカレーション,2024-06-16 05:45:26,EMP-014
INC-0138,解決策適用,2024-06-16 16:01:00,EMP-013
INC-0138,検証,2024-06-16 16:47:43,EMP-020
INC-0138,クローズ,2024-06-16 18:37:32,SYSTEM
INC-0139,インシデント報告,2024-11-12 09:51:00,SYSTEM
INC-0139,サポート割当,2024-11-12 10:35:30,EMP-014
INC-0139,初期調査,2024-11-12 11:17:48,EMP-013
INC-0139,エスカレーション,2024-11-12 14:25:54,EMP-014
INC-0139,解決策適用,2024-11-13 06:22:39,EMP-013
INC-0139,検証,2024-11-13 07:59:14,EMP-020
INC-0139,クローズ,2024-11-13 08:51:36,SYSTEM
INC-0140,インシデント報告,2024-01-03 09:28:00,SYSTEM
INC-0140,サポート割当,2024-01-03 10:15:06,EMP-014
INC-0140,初期調査,2024-01-03 11:00:26,EMP-013
INC-0140,エスカレーション,2024-01-03 13:18:01,EMP-014
INC-0140,解決策適用,2024-01-04 03:33:14,EMP-013
INC-0140,検証,2024-01-04 04:49:21,EMP-020
INC-0140,クローズ,2024-01-04 05:38:11,SYSTEM
INC-0141,インシデント報告,2024-10-10 02:38:00,SYSTEM
INC-0141,サポート割当,2024-10-10 03:30:38,EMP-014
INC-0141,初期調査,2024-10-10 04:02:29,EMP-013
INC-0141,解決策適用,2024-10-10 23:10:59,EMP-013
INC-0141,検証,2024-10-11 00:46:13,EMP-020
INC-0141,クローズ,2024-10-11 04:44:42,SYSTEM
INC-0142,インシデント報告,2024-05-04 18:33:00,SYSTEM
INC-0142,サポート割当,2024-05-04 19:16:00,EMP-014
INC-0142,初期調査,2024-05-04 20:11:25,EMP-013
INC-0142,エスカレーション,2024-05-04 21:59:44,EMP-014
INC-0142,解決策適用,2024-05-05 03:12:22,EMP-013
INC-0142,検証,2024-05-05 03:57:25,EMP-020
INC-0142,クローズ,2024-05-05 05:30:22,SYSTEM
INC-0143,インシデント報告,2024-02-09 11:16:00,SYSTEM
INC-0143,サポート割当,2024-02-09 12:00:55,EMP-014
INC-0143,初期調査,2024-02-09 13:45:17,EMP-013
INC-0143,解決策適用,2024-02-10 01:49:40,EMP-013
INC-0143,検証,2024-02-10 02:31:52,EMP-020
INC-0143,再オープン,2024-02-10 06:18:03,SYSTEM
INC-0143,解決策適用,2024-02-10 20:24:01,EMP-013
INC-0143,検証,2024-02-10 21:28:12,EMP-020
INC-0143,クローズ,2024-02-11 00:59:16,SYSTEM
INC-0144,インシデント報告,2024-08-13 10:27:00,SYSTEM
INC-0144,サポート割当,2024-08-13 10:49:13,EMP-014
INC-0144,初期調査,2024-08-13 12:49:42,EMP-013
INC-0144,解決策適用,2024-08-14 01:21:59,EMP-013
INC-0144,検証,2024-08-14 02:07:59,EMP-020
INC-0144,クローズ,2024-08-14 03:45:00,SYSTEM
INC-0145,インシデント報告,2024-12-21 20:31:00,SYSTEM
INC-0145,サポート割当,2024-12-21 20:54:35,EMP-014
INC-0145,初期調査,2024-12-21 22:06:38,EMP-013
INC-0145,解決策適用,2024-12-22 08:08:27,EMP-013
INC-0145,検証,2024-12-22 10:02:20,EMP-020
INC-0145,クローズ,2024-12-22 14:01:46,SYSTEM
INC-0146,インシデント報告,2024-04-02 21:49:00,SYSTEM
INC-0146,サポート割当,2024-04-02 22:46:27,EMP-014
INC-0146,初期調査,2024-04-03 00:25:42,EMP-013
INC-0146,解決策適用,2024-04-03 12:04:27,EMP-013
INC-0146,検証,2024-04-03 13:00:41,EMP-020
INC-0146,クローズ,2024-04-03 16:22:40,SYSTEM
INC-0147,インシデント報告,2024-07-28 21:31:00,SYSTEM
INC-0147,サポート割当,2024-07-28 22:11:12,EMP-014
INC-0147,初期調査,2024-07-28 23:17:30,EMP-013
INC-0147,解決策適用,2024-07-29 17:01:36,EMP-013
INC-0147,検証,2024-07-29 18:42:37,EMP-020
INC-0147,再オープン,2024-07-30 02:38:43,SYSTEM
INC-0147,解決策適用,2024-07-30 12:23:46,EMP-013
INC-0147,検証,2024-07-30 13:29:50,EMP-020
INC-0147,クローズ,2024-07-30 15:46:14,SYSTEM
INC-0148,インシデント報告,2024-12-20 13:34:00,SYSTEM
INC-0148,サポート割当,2024-12-20 14:22:41,EMP-014
INC-0148,初期調査,2024-12-20 15:46:37,EMP-013
INC-0148,解決策適用,2024-12-21 05:35:20,EMP-013
INC-0148,検証,2024-12-21 07:02:46,EMP-020
INC-0148,再オープン,2024-12-21 13:25:44,SYSTEM
INC-0148,解決策適用,2024-12-22 01:19:12,EMP-013
INC-0148,検証,2024-12-22 02:21:09,EMP-020
INC-0148,クローズ,2024-12-22 05:07:02,SYSTEM
INC-0149,インシデント報告,2024-01-23 18:41:00,SYSTEM
INC-0149,サポート割当,2024-01-23 19:39:12,EMP-014
INC-0149,初期調査,2024-01-23 20:58:56,EMP-013
INC-0149,解決策適用,2024-01-24 01:18:47,EMP-013
INC-0149,検証,2024-01-24 01:57:40,EMP-020
INC-0149,クローズ,2024-01-24 05:04:30,SYSTEM
INC-0150,インシデント報告,2024-10-12 18:44:00,SYSTEM
INC-0150,サポート割当,2024-10-12 19:14:04,EMP-014
INC-0150,初期調査,2024-10-12 20:42:44,EMP-013
INC-0150,解決策適用,2024-10-13 11:39:40,EMP-013
INC-0150,検証,2024-10-13 12:54:43,EMP-020
INC-0150,クローズ,2024-10-13 13:29:52,SYSTEM
